TYPE,DEAL,SYMBOL,TIME_GENERATED,POSITION_ID,STRATEGY_ID,EXCHANGE,VOLUME,PRICE,SIGNAL_TYPE,COMMISSION,SWAP,FEE,GROSS_PROFIT,CCY
FILL,IN,AAPL,2017-07-14 00:00:00+00:00,200000001,461579542,MT5_SIM,1.0,37.00,BUY,0.020,0.0,0.0,0.0,USD
FILL,OUT,AAPL,2017-07-14 00:01:00+00:00,200000001,461579542,MT5_SIM,1.0,37.20,SELL,0.020,0.0,0.0,0.2000,USD
FILL,IN,AAPL,2017-07-22 00:00:00+00:00,200000003,461579542,MT5_SIM,1.0,37.65,BUY,0.020,0.0,0.0,0.0,USD
FILL,OUT,AAPL,2017-07-24 00:01:00+00:00,200000003,461579542,MT5_SIM,1.0,37.95,SELL,0.020,0.0,0.0,0.3000,USD
FILL,IN,AAPL,2017-07-29 00:00:00+00:00,200000005,461579542,MT5_SIM,1.0,37.48,BUY,0.020,0.0,0.0,0.0,USD
FILL,OUT,AAPL,2017-08-02 00:01:00+00:00,200000005,461579542,MT5_SIM,1.0,39.26,SELL,0.020,0.0,0.0,1.7800,USD
FILL,IN,AAPL,2017-08-05 00:00:00+00:00,200000007,461579542,MT5_SIM,1.0,39.27,BUY,0.020,0.0,0.0,0.0,USD
FILL,OUT,AAPL,2017-09-12 00:01:00+00:00,200000007,461579542,MT5_SIM,1.0,39.96,SELL,0.020,0.0,0.0,0.6900,USD
FILL,IN,AAPL,2017-09-14 00:00:00+00:00,200000009,461579542,MT5_SIM,1.0,39.75,BUY,0.020,0.0,0.0,0.0,USD
FILL,OUT,AAPL,2017-09-18 00:01:00+00:00,200000009,461579542,MT5_SIM,1.0,39.87,SELL,0.020,0.0,0.0,0.1200,USD
FILL,IN,AAPL,2017-09-20 00:00:00+00:00,200000011,461579542,MT5_SIM,1.0,39.48,BUY,0.020,0.0,0.0,0.0,USD
FILL,OUT,AAPL,2017-09-25 00:01:00+00:00,200000011,461579542,MT5_SIM,1.0,37.94,SELL,0.020,0.0,0.0,-1.5400,USD
FILL,IN,AAPL,2017-09-27 00:00:00+00:00,200000013,461579542,MT5_SIM,1.0,38.46,BUY,0.020,0.0,0.0,0.0,USD
FILL,OUT,AAPL,2017-09-27 00:01:00+00:00,200000013,461579542,MT5_SIM,1.0,38.47,SELL,0.020,0.0,0.0,0.0100,USD
FILL,IN,AAPL,2017-09-30 00:00:00+00:00,200000015,461579542,MT5_SIM,1.0,38.57,BUY,0.020,0.0,0.0,0.0,USD
FILL,OUT,AAPL,2017-10-02 00:01:00+00:00,200000015,461579542,MT5_SIM,1.0,38.50,SELL,0.020,0.0,0.0,-0.0700,USD
FILL,IN,AAPL,2017-10-04 00:00:00+00:00,200000017,461579542,MT5_SIM,1.0,38.41,BUY,0.020,0.0,0.0,0.0,USD
FILL,OUT,AAPL,2017-10-04 00:01:00+00:00,200000017,461579542,MT5_SIM,1.0,38.54,SELL,0.020,0.0,0.0,0.1300,USD
FILL,IN,AAPL,2017-10-06 00:00:00+00:00,200000019,461579542,MT5_SIM,1.0,38.75,BUY,0.020,0.0,0.0,0.0,USD
FILL,OUT,AAPL,2017-10-06 00:01:00+00:00,200000019,461579542,MT5_SIM,1.0,38.95,SELL,0.020,0.0,0.0,0.2000,USD
FILL,IN,AAPL,2017-10-12 00:00:00+00:00,200000021,461579542,MT5_SIM,1.0,39.09,BUY,0.020,0.0,0.0,0.0,USD
FILL,OUT,AAPL,2017-10-12 00:01:00+00:00,200000021,461579542,MT5_SIM,1.0,39.18,SELL,0.020,0.0,0.0,0.0900,USD
FILL,IN,AAPL,2017-10-14 00:00:00+00:00,200000023,461579542,MT5_SIM,1.0,39.48,BUY,0.020,0.0,0.0,0.0,USD
FILL,OUT,AAPL,2017-10-17 00:01:00+00:00,200000023,461579542,MT5_SIM,1.0,40.10,SELL,0.020,0.0,0.0,0.6200,USD
FILL,IN,AAPL,2017-10-20 00:00:00+00:00,200000025,461579542,MT5_SIM,1.0,39.16,BUY,0.020,0.0,0.0,0.0,USD
FILL,OUT,AAPL,2017-10-25 00:01:00+00:00,200000025,461579542,MT5_SIM,1.0,39.30,SELL,0.020,0.0,0.0,0.1400,USD
FILL,IN,AAPL,2017-10-27 00:00:00+00:00,200000027,461579542,MT5_SIM,1.0,39.83,BUY,0.020,0.0,0.0,0.0,USD
FILL,OUT,AAPL,2017-10-27 00:01:00+00:00,200000027,461579542,MT5_SIM,1.0,40.97,SELL,0.020,0.0,0.0,1.1400,USD
FILL,IN,AAPL,2017-10-31 00:00:00+00:00,200000029,461579542,MT5_SIM,1.0,41.98,BUY,0.020,0.0,0.0,0.0,USD
FILL,OUT,AAPL,2017-11-07 00:01:00+00:00,200000029,461579542,MT5_SIM,1.0,43.66,SELL,0.020,0.0,0.0,1.6800,USD
FILL,IN,AAPL,2017-11-14 00:00:00+00:00,200000031,461579542,MT5_SIM,1.0,43.26,BUY,0.020,0.0,0.0,0.0,USD
FILL,OUT,AAPL,2017-12-06 00:01:00+00:00,200000031,461579542,MT5_SIM,1.0,42.25,SELL,0.020,0.0,0.0,-1.0100,USD
FILL,IN,AAPL,2017-12-12 00:00:00+00:00,200000033,461579542,MT5_SIM,1.0,43.04,BUY,0.020,0.0,0.0,0.0,USD
FILL,OUT,AAPL,2017-12-18 00:01:00+00:00,200000033,461579542,MT5_SIM,1.0,43.75,SELL,0.020,0.0,0.0,0.7100,USD
FILL,IN,AAPL,2017-12-21 00:00:00+00:00,200000035,461579542,MT5_SIM,1.0,43.55,BUY,0.020,0.0,0.0,0.0,USD
FILL,OUT,AAPL,2017-12-22 00:01:00+00:00,200000035,461579542,MT5_SIM,1.0,42.70,SELL,0.020,0.0,0.0,-0.8500,USD
FILL,IN,AAPL,2017-12-28 00:00:00+00:00,200000037,461579542,MT5_SIM,1.0,42.76,BUY,0.020,0.0,0.0,0.0,USD
FILL,OUT,AAPL,2017-12-28 00:01:00+00:00,200000037,461579542,MT5_SIM,1.0,42.63,SELL,0.020,0.0,0.0,-0.1300,USD
FILL,IN,AAPL,2018-01-03 00:00:00+00:00,200000039,461579542,MT5_SIM,1.0,43.14,BUY,0.020,0.0,0.0,0.0,USD
FILL,OUT,AAPL,2018-01-03 00:01:00+00:00,200000039,461579542,MT5_SIM,1.0,43.13,SELL,0.020,0.0,0.0,-0.0100,USD
FILL,IN,AAPL,2018-01-05 00:00:00+00:00,200000041,461579542,MT5_SIM,1.0,43.37,BUY,0.020,0.0,0.0,0.0,USD
FILL,OUT,AAPL,2018-01-05 00:01:00+00:00,200000041,461579542,MT5_SIM,1.0,43.58,SELL,0.020,0.0,0.0,0.2100,USD
FILL,IN,AAPL,2018-01-11 00:00:00+00:00,200000043,461579542,MT5_SIM,1.0,43.65,BUY,0.020,0.0,0.0,0.0,USD
FILL,OUT,AAPL,2018-01-11 00:01:00+00:00,200000043,461579542,MT5_SIM,1.0,44.04,SELL,0.020,0.0,0.0,0.3900,USD
FILL,IN,AAPL,2018-01-18 00:00:00+00:00,200000045,461579542,MT5_SIM,1.0,44.85,BUY,0.020,0.0,0.0,0.0,USD
FILL,OUT,AAPL,2018-01-18 00:01:00+00:00,200000045,461579542,MT5_SIM,1.0,44.65,SELL,0.020,0.0,0.0,-0.2000,USD
FILL,IN,AAPL,2018-01-20 00:00:00+00:00,200000047,461579542,MT5_SIM,1.0,44.33,BUY,0.020,0.0,0.0,0.0,USD
FILL,OUT,AAPL,2018-01-31 00:01:00+00:00,200000047,461579542,MT5_SIM,1.0,41.79,SELL,0.020,0.0,0.0,-2.5400,USD
FILL,IN,AAPL,2018-03-10 00:00:00+00:00,200000049,461579542,MT5_SIM,1.0,45.08,BUY,0.020,0.0,0.0,0.0,USD
FILL,OUT,AAPL,2018-03-12 00:01:00+00:00,200000049,461579542,MT5_SIM,1.0,45.64,SELL,0.020,0.0,0.0,0.5600,USD
FILL,IN,AAPL,2018-03-15 00:00:00+00:00,200000051,461579542,MT5_SIM,1.0,44.63,BUY,0.020,0.0,0.0,0.0,USD
FILL,OUT,AAPL,2018-03-16 00:01:00+00:00,200000051,461579542,MT5_SIM,1.0,44.33,SELL,0.020,0.0,0.0,-0.3000,USD
FILL,IN,AAPL,2018-03-20 00:00:00+00:00,200000053,461579542,MT5_SIM,1.0,43.82,BUY,0.020,0.0,0.0,0.0,USD
FILL,OUT,AAPL,2018-03-21 00:01:00+00:00,200000053,461579542,MT5_SIM,1.0,42.50,SELL,0.020,0.0,0.0,-1.3200,USD
FILL,IN,AAPL,2018-03-23 00:00:00+00:00,200000055,461579542,MT5_SIM,1.0,42.10,BUY,0.020,0.0,0.0,0.0,USD
FILL,OUT,AAPL,2018-03-27 00:01:00+00:00,200000055,461579542,MT5_SIM,1.0,41.81,SELL,0.020,0.0,0.0,-0.2900,USD
FILL,IN,AAPL,2018-03-30 00:00:00+00:00,200000057,461579542,MT5_SIM,1.0,41.66,BUY,0.020,0.0,0.0,0.0,USD
FILL,OUT,AAPL,2018-04-05 00:01:00+00:00,200000057,461579542,MT5_SIM,1.0,42.74,SELL,0.020,0.0,0.0,1.0800,USD
FILL,IN,AAPL,2018-04-25 00:00:00+00:00,200000059,461579542,MT5_SIM,1.0,40.66,BUY,0.020,0.0,0.0,0.0,USD
FILL,OUT,AAPL,2018-05-07 00:01:00+00:00,200000059,461579542,MT5_SIM,1.0,46.24,SELL,0.020,0.0,0.0,5.5800,USD
FILL,IN,AAPL,2018-05-19 00:00:00+00:00,200000061,461579542,MT5_SIM,1.0,47.01,BUY,0.020,0.0,0.0,0.0,USD
FILL,OUT,AAPL,2018-05-24 00:01:00+00:00,200000061,461579542,MT5_SIM,1.0,47.05,SELL,0.020,0.0,0.0,0.0400,USD
FILL,IN,AAPL,2018-05-26 00:00:00+00:00,200000063,461579542,MT5_SIM,1.0,46.91,BUY,0.020,0.0,0.0,0.0,USD
FILL,OUT,AAPL,2018-05-29 00:01:00+00:00,200000063,461579542,MT5_SIM,1.0,46.93,SELL,0.020,0.0,0.0,0.0200,USD
FILL,IN,AAPL,2018-06-01 00:00:00+00:00,200000065,461579542,MT5_SIM,1.0,47.00,BUY,0.020,0.0,0.0,0.0,USD
FILL,OUT,AAPL,2018-06-04 00:01:00+00:00,200000065,461579542,MT5_SIM,1.0,48.26,SELL,0.020,0.0,0.0,1.2600,USD
FILL,IN,AAPL,2018-06-09 00:00:00+00:00,200000067,461579542,MT5_SIM,1.0,47.84,BUY,0.020,0.0,0.0,0.0,USD
FILL,OUT,AAPL,2018-06-11 00:01:00+00:00,200000067,461579542,MT5_SIM,1.0,47.84,SELL,0.020,0.0,0.0,0.0000,USD
FILL,IN,AAPL,2018-06-13 00:00:00+00:00,200000069,461579542,MT5_SIM,1.0,48.11,BUY,0.020,0.0,0.0,0.0,USD
FILL,OUT,AAPL,2018-06-19 00:01:00+00:00,200000069,461579542,MT5_SIM,1.0,46.58,SELL,0.020,0.0,0.0,-1.5300,USD
FILL,IN,AAPL,2018-06-23 00:00:00+00:00,200000071,461579542,MT5_SIM,1.0,45.85,BUY,0.020,0.0,0.0,0.0,USD
FILL,OUT,AAPL,2018-06-27 00:01:00+00:00,200000071,461579542,MT5_SIM,1.0,46.02,SELL,0.020,0.0,0.0,0.1700,USD
FILL,IN,AAPL,2018-06-29 00:00:00+00:00,200000073,461579542,MT5_SIM,1.0,46.58,BUY,0.020,0.0,0.0,0.0,USD
FILL,OUT,AAPL,2018-06-29 00:01:00+00:00,200000073,461579542,MT5_SIM,1.0,45.95,SELL,0.020,0.0,0.0,-0.6300,USD
FILL,IN,AAPL,2018-07-03 00:00:00+00:00,200000075,461579542,MT5_SIM,1.0,46.95,BUY,0.020,0.0,0.0,0.0,USD
FILL,OUT,AAPL,2018-07-03 00:01:00+00:00,200000075,461579542,MT5_SIM,1.0,46.31,SELL,0.020,0.0,0.0,-0.6400,USD
FILL,IN,AAPL,2018-07-06 00:00:00+00:00,200000077,461579542,MT5_SIM,1.0,46.36,BUY,0.020,0.0,0.0,0.0,USD
FILL,OUT,AAPL,2018-07-06 00:01:00+00:00,200000077,461579542,MT5_SIM,1.0,47.37,SELL,0.020,0.0,0.0,1.0100,USD
FILL,IN,AAPL,2018-07-11 00:00:00+00:00,200000079,461579542,MT5_SIM,1.0,47.13,BUY,0.020,0.0,0.0,0.0,USD
FILL,OUT,AAPL,2018-07-13 00:01:00+00:00,200000079,461579542,MT5_SIM,1.0,47.88,SELL,0.020,0.0,0.0,0.7500,USD
FILL,IN,AAPL,2018-07-18 00:00:00+00:00,200000081,461579542,MT5_SIM,1.0,47.95,BUY,0.020,0.0,0.0,0.0,USD
FILL,OUT,AAPL,2018-07-18 00:01:00+00:00,200000081,461579542,MT5_SIM,1.0,47.42,SELL,0.020,0.0,0.0,-0.5300,USD
FILL,IN,AAPL,2018-07-20 00:00:00+00:00,200000083,461579542,MT5_SIM,1.0,47.95,BUY,0.020,0.0,0.0,0.0,USD
FILL,OUT,AAPL,2018-07-20 00:01:00+00:00,200000083,461579542,MT5_SIM,1.0,47.66,SELL,0.020,0.0,0.0,-0.2900,USD
FILL,IN,AAPL,2018-07-24 00:00:00+00:00,200000085,461579542,MT5_SIM,1.0,48.12,BUY,0.020,0.0,0.0,0.0,USD
FILL,OUT,AAPL,2018-07-24 00:01:00+00:00,200000085,461579542,MT5_SIM,1.0,48.26,SELL,0.020,0.0,0.0,0.1400,USD
FILL,IN,AAPL,2018-07-28 00:00:00+00:00,200000087,461579542,MT5_SIM,1.0,47.98,BUY,0.020,0.0,0.0,0.0,USD
FILL,OUT,AAPL,2018-08-03 00:01:00+00:00,200000087,461579542,MT5_SIM,1.0,52.00,SELL,0.020,0.0,0.0,4.0200,USD
FILL,IN,AAPL,2018-08-07 00:00:00+00:00,200000089,461579542,MT5_SIM,1.0,52.34,BUY,0.020,0.0,0.0,0.0,USD
FILL,OUT,AAPL,2018-08-20 00:01:00+00:00,200000089,461579542,MT5_SIM,1.0,54.20,SELL,0.020,0.0,0.0,1.8600,USD
FILL,IN,AAPL,2018-08-22 00:00:00+00:00,200000091,461579542,MT5_SIM,1.0,53.53,BUY,0.020,0.0,0.0,0.0,USD
FILL,OUT,AAPL,2018-08-28 00:01:00+00:00,200000091,461579542,MT5_SIM,1.0,55.03,SELL,0.020,0.0,0.0,1.5000,USD
FILL,IN,AAPL,2018-09-01 00:00:00+00:00,200000093,461579542,MT5_SIM,1.0,57.11,BUY,0.020,0.0,0.0,0.0,USD
FILL,OUT,AAPL,2018-09-04 00:01:00+00:00,200000093,461579542,MT5_SIM,1.0,57.24,SELL,0.020,0.0,0.0,0.1300,USD
FILL,IN,AAPL,2018-09-06 00:00:00+00:00,200000095,461579542,MT5_SIM,1.0,56.56,BUY,0.020,0.0,0.0,0.0,USD
FILL,OUT,AAPL,2018-09-19 00:01:00+00:00,200000095,461579542,MT5_SIM,1.0,55.06,SELL,0.020,0.0,0.0,-1.5000,USD
FILL,IN,AAPL,2018-09-21 00:00:00+00:00,200000097,461579542,MT5_SIM,1.0,55.20,BUY,0.020,0.0,0.0,0.0,USD
FILL,OUT,AAPL,2018-09-25 00:01:00+00:00,200000097,461579542,MT5_SIM,1.0,55.25,SELL,0.020,0.0,0.0,0.0500,USD
FILL,IN,AAPL,2018-09-28 00:00:00+00:00,200000099,461579542,MT5_SIM,1.0,56.20,BUY,0.020,0.0,0.0,0.0,USD
FILL,OUT,AAPL,2018-10-03 00:01:00+00:00,200000099,461579542,MT5_SIM,1.0,57.69,SELL,0.020,0.0,0.0,1.4900,USD
FILL,IN,AAPL,2018-10-06 00:00:00+00:00,200000101,461579542,MT5_SIM,1.0,55.56,BUY,0.020,0.0,0.0,0.0,USD
FILL,OUT,AAPL,2018-10-09 00:01:00+00:00,200000101,461579542,MT5_SIM,1.0,56.36,SELL,0.020,0.0,0.0,0.8000,USD
FILL,IN,AAPL,2018-12-13 00:00:00+00:00,200000103,461579542,MT5_SIM,1.0,42.63,BUY,0.020,0.0,0.0,0.0,USD
FILL,OUT,AAPL,2018-12-27 00:01:00+00:00,200000103,461579542,MT5_SIM,1.0,39.37,SELL,0.020,0.0,0.0,-3.2600,USD
FILL,IN,AAPL,2019-02-02 00:00:00+00:00,200000105,461579542,MT5_SIM,1.0,41.86,BUY,0.020,0.0,0.0,0.0,USD
FILL,OUT,AAPL,2019-03-22 00:01:00+00:00,200000105,461579542,MT5_SIM,1.0,47.87,SELL,0.020,0.0,0.0,6.0100,USD
FILL,IN,AAPL,2019-03-26 00:00:00+00:00,200000107,461579542,MT5_SIM,1.0,47.92,BUY,0.020,0.0,0.0,0.0,USD
FILL,OUT,AAPL,2019-04-04 00:01:00+00:00,200000107,461579542,MT5_SIM,1.0,49.11,SELL,0.020,0.0,0.0,1.1900,USD
FILL,IN,AAPL,2019-04-11 00:00:00+00:00,200000109,461579542,MT5_SIM,1.0,50.22,BUY,0.020,0.0,0.0,0.0,USD
FILL,OUT,AAPL,2019-04-11 00:01:00+00:00,200000109,461579542,MT5_SIM,1.0,49.79,SELL,0.020,0.0,0.0,-0.4300,USD
FILL,IN,AAPL,2019-04-13 00:00:00+00:00,200000111,461579542,MT5_SIM,1.0,49.65,BUY,0.020,0.0,0.0,0.0,USD
FILL,OUT,AAPL,2019-04-18 00:01:00+00:00,200000111,461579542,MT5_SIM,1.0,50.70,SELL,0.020,0.0,0.0,1.0500,USD
FILL,IN,AAPL,2019-04-23 00:00:00+00:00,200000113,461579542,MT5_SIM,1.0,51.11,BUY,0.020,0.0,0.0,0.0,USD
FILL,OUT,AAPL,2019-05-09 00:01:00+00:00,200000113,461579542,MT5_SIM,1.0,49.35,SELL,0.020,0.0,0.0,-1.7600,USD
FILL,IN,AAPL,2019-05-14 00:00:00+00:00,200000115,461579542,MT5_SIM,1.0,46.61,BUY,0.020,0.0,0.0,0.0,USD
FILL,OUT,AAPL,2019-05-15 00:01:00+00:00,200000115,461579542,MT5_SIM,1.0,47.47,SELL,0.020,0.0,0.0,0.8600,USD
FILL,IN,AAPL,2019-05-22 00:00:00+00:00,200000117,461579542,MT5_SIM,1.0,46.17,BUY,0.020,0.0,0.0,0.0,USD
FILL,OUT,AAPL,2019-05-22 00:01:00+00:00,200000117,461579542,MT5_SIM,1.0,44.95,SELL,0.020,0.0,0.0,-1.2200,USD
FILL,IN,AAPL,2019-05-24 00:00:00+00:00,200000119,461579542,MT5_SIM,1.0,45.05,BUY,0.020,0.0,0.0,0.0,USD
FILL,OUT,AAPL,2019-06-07 00:01:00+00:00,200000119,461579542,MT5_SIM,1.0,47.95,SELL,0.020,0.0,0.0,2.9000,USD
FILL,IN,AAPL,2019-06-11 00:00:00+00:00,200000121,461579542,MT5_SIM,1.0,48.72,BUY,0.020,0.0,0.0,0.0,USD
FILL,OUT,AAPL,2019-06-19 00:01:00+00:00,200000121,461579542,MT5_SIM,1.0,50.09,SELL,0.020,0.0,0.0,1.3700,USD
FILL,IN,AAPL,2019-06-21 00:00:00+00:00,200000123,461579542,MT5_SIM,1.0,49.71,BUY,0.020,0.0,0.0,0.0,USD
FILL,OUT,AAPL,2019-06-25 00:01:00+00:00,200000123,461579542,MT5_SIM,1.0,49.44,SELL,0.020,0.0,0.0,-0.2700,USD
FILL,IN,AAPL,2019-06-27 00:00:00+00:00,200000125,461579542,MT5_SIM,1.0,50.08,BUY,0.020,0.0,0.0,0.0,USD
FILL,OUT,AAPL,2019-06-27 00:01:00+00:00,200000125,461579542,MT5_SIM,1.0,49.66,SELL,0.020,0.0,0.0,-0.4200,USD
FILL,IN,AAPL,2019-06-29 00:00:00+00:00,200000127,461579542,MT5_SIM,1.0,50.80,BUY,0.020,0.0,0.0,0.0,USD
FILL,OUT,AAPL,2019-07-03 00:01:00+00:00,200000127,461579542,MT5_SIM,1.0,50.83,SELL,0.020,0.0,0.0,0.0300,USD
FILL,IN,AAPL,2019-07-10 00:00:00+00:00,200000129,461579542,MT5_SIM,1.0,50.47,BUY,0.020,0.0,0.0,0.0,USD
FILL,OUT,AAPL,2019-07-11 00:01:00+00:00,200000129,461579542,MT5_SIM,1.0,50.61,SELL,0.020,0.0,0.0,0.1400,USD
FILL,IN,AAPL,2019-07-13 00:00:00+00:00,200000131,461579542,MT5_SIM,1.0,51.03,BUY,0.020,0.0,0.0,0.0,USD
FILL,OUT,AAPL,2019-07-15 00:01:00+00:00,200000131,461579542,MT5_SIM,1.0,51.14,SELL,0.020,0.0,0.0,0.1100,USD
FILL,IN,AAPL,2019-07-17 00:00:00+00:00,200000133,461579542,MT5_SIM,1.0,51.02,BUY,0.020,0.0,0.0,0.0,USD
FILL,OUT,AAPL,2019-07-19 00:01:00+00:00,200000133,461579542,MT5_SIM,1.0,50.91,SELL,0.020,0.0,0.0,-0.1100,USD
FILL,IN,AAPL,2019-07-23 00:00:00+00:00,200000135,461579542,MT5_SIM,1.0,52.12,BUY,0.020,0.0,0.0,0.0,USD
FILL,OUT,AAPL,2019-07-23 00:01:00+00:00,200000135,461579542,MT5_SIM,1.0,51.91,SELL,0.020,0.0,0.0,-0.2100,USD
FILL,IN,AAPL,2019-07-25 00:00:00+00:00,200000137,461579542,MT5_SIM,1.0,52.23,BUY,0.020,0.0,0.0,0.0,USD
FILL,OUT,AAPL,2019-07-29 00:01:00+00:00,200000137,461579542,MT5_SIM,1.0,52.18,SELL,0.020,0.0,0.0,-0.0500,USD
FILL,IN,AAPL,2019-08-02 00:00:00+00:00,200000139,461579542,MT5_SIM,1.0,51.39,BUY,0.020,0.0,0.0,0.0,USD
FILL,OUT,AAPL,2019-08-07 00:01:00+00:00,200000139,461579542,MT5_SIM,1.0,50.04,SELL,0.020,0.0,0.0,-1.3500,USD
FILL,IN,AAPL,2019-09-04 00:00:00+00:00,200000141,461579542,MT5_SIM,1.0,52.10,BUY,0.020,0.0,0.0,0.0,USD
FILL,OUT,AAPL,2019-09-12 00:01:00+00:00,200000141,461579542,MT5_SIM,1.0,55.00,SELL,0.020,0.0,0.0,2.9000,USD
FILL,IN,AAPL,2019-09-14 00:00:00+00:00,200000143,461579542,MT5_SIM,1.0,54.44,BUY,0.020,0.0,0.0,0.0,USD
FILL,OUT,AAPL,2019-10-04 00:01:00+00:00,200000143,461579542,MT5_SIM,1.0,56.56,SELL,0.020,0.0,0.0,2.1200,USD
FILL,IN,AAPL,2019-10-08 00:00:00+00:00,200000145,461579542,MT5_SIM,1.0,56.46,BUY,0.020,0.0,0.0,0.0,USD
FILL,OUT,AAPL,2019-10-28 00:01:00+00:00,200000145,461579542,MT5_SIM,1.0,62.24,SELL,0.020,0.0,0.0,5.7800,USD
FILL,IN,AAPL,2019-10-31 00:00:00+00:00,200000147,461579542,MT5_SIM,1.0,61.82,BUY,0.020,0.0,0.0,0.0,USD
FILL,OUT,AAPL,2019-11-01 00:01:00+00:00,200000147,461579542,MT5_SIM,1.0,64.33,SELL,0.020,0.0,0.0,2.5100,USD
FILL,IN,AAPL,2019-11-16 00:00:00+00:00,200000149,461579542,MT5_SIM,1.0,66.45,BUY,0.020,0.0,0.0,0.0,USD
FILL,OUT,AAPL,2019-11-18 00:01:00+00:00,200000149,461579542,MT5_SIM,1.0,66.97,SELL,0.020,0.0,0.0,0.5200,USD
FILL,IN,AAPL,2019-11-21 00:00:00+00:00,200000151,461579542,MT5_SIM,1.0,65.93,BUY,0.020,0.0,0.0,0.0,USD
FILL,OUT,AAPL,2019-12-12 00:01:00+00:00,200000151,461579542,MT5_SIM,1.0,67.86,SELL,0.020,0.0,0.0,1.9300,USD
FILL,IN,AAPL,2019-12-18 00:00:00+00:00,200000153,461579542,MT5_SIM,1.0,69.95,BUY,0.020,0.0,0.0,0.0,USD
FILL,OUT,AAPL,2020-01-02 00:01:00+00:00,200000153,461579542,MT5_SIM,1.0,74.28,SELL,0.020,0.0,0.0,4.3300,USD
FILL,IN,AAPL,2020-01-09 00:00:00+00:00,200000155,461579542,MT5_SIM,1.0,76.81,BUY,0.020,0.0,0.0,0.0,USD
FILL,OUT,AAPL,2020-01-09 00:01:00+00:00,200000155,461579542,MT5_SIM,1.0,77.65,SELL,0.020,0.0,0.0,0.8400,USD
FILL,IN,AAPL,2020-01-14 00:00:00+00:00,200000157,461579542,MT5_SIM,1.0,79.18,BUY,0.020,0.0,0.0,0.0,USD
FILL,OUT,AAPL,2020-01-14 00:01:00+00:00,200000157,461579542,MT5_SIM,1.0,77.96,SELL,0.020,0.0,0.0,-1.2200,USD
FILL,IN,AAPL,2020-01-16 00:00:00+00:00,200000159,461579542,MT5_SIM,1.0,78.40,BUY,0.020,0.0,0.0,0.0,USD
FILL,OUT,AAPL,2020-01-17 00:01:00+00:00,200000159,461579542,MT5_SIM,1.0,79.29,SELL,0.020,0.0,0.0,0.8900,USD
FILL,IN,AAPL,2020-01-23 00:00:00+00:00,200000161,461579542,MT5_SIM,1.0,79.49,BUY,0.020,0.0,0.0,0.0,USD
FILL,OUT,AAPL,2020-01-24 00:01:00+00:00,200000161,461579542,MT5_SIM,1.0,77.51,SELL,0.020,0.0,0.0,-1.9800,USD
FILL,IN,AAPL,2020-01-28 00:00:00+00:00,200000163,461579542,MT5_SIM,1.0,78.16,BUY,0.020,0.0,0.0,0.0,USD
FILL,OUT,AAPL,2020-01-31 00:01:00+00:00,200000163,461579542,MT5_SIM,1.0,76.07,SELL,0.020,0.0,0.0,-2.0900,USD
FILL,IN,AAPL,2020-04-15 00:00:00+00:00,200000165,461579542,MT5_SIM,1.0,70.60,BUY,0.020,0.0,0.0,0.0,USD
FILL,OUT,AAPL,2020-04-15 00:01:00+00:00,200000165,461579542,MT5_SIM,1.0,71.84,SELL,0.020,0.0,0.0,1.2400,USD
FILL,IN,AAPL,2020-04-22 00:00:00+00:00,200000167,461579542,MT5_SIM,1.0,68.41,BUY,0.020,0.0,0.0,0.0,USD
FILL,OUT,AAPL,2020-04-27 00:01:00+00:00,200000167,461579542,MT5_SIM,1.0,71.26,SELL,0.020,0.0,0.0,2.8500,USD
FILL,IN,AAPL,2020-04-30 00:00:00+00:00,200000169,461579542,MT5_SIM,1.0,72.49,BUY,0.020,0.0,0.0,0.0,USD
FILL,OUT,AAPL,2020-04-30 00:01:00+00:00,200000169,461579542,MT5_SIM,1.0,71.56,SELL,0.020,0.0,0.0,-0.9300,USD
FILL,IN,AAPL,2020-05-05 00:00:00+00:00,200000171,461579542,MT5_SIM,1.0,73.77,BUY,0.020,0.0,0.0,0.0,USD
FILL,OUT,AAPL,2020-05-06 00:01:00+00:00,200000171,461579542,MT5_SIM,1.0,75.80,SELL,0.020,0.0,0.0,2.0300,USD
FILL,IN,AAPL,2020-05-14 00:00:00+00:00,200000173,461579542,MT5_SIM,1.0,76.13,BUY,0.020,0.0,0.0,0.0,USD
FILL,OUT,AAPL,2020-05-18 00:01:00+00:00,200000173,461579542,MT5_SIM,1.0,78.75,SELL,0.020,0.0,0.0,2.6200,USD
FILL,IN,AAPL,2020-05-21 00:00:00+00:00,200000175,461579542,MT5_SIM,1.0,79.67,BUY,0.020,0.0,0.0,0.0,USD
FILL,OUT,AAPL,2020-05-21 00:01:00+00:00,200000175,461579542,MT5_SIM,1.0,78.94,SELL,0.020,0.0,0.0,-0.7300,USD
FILL,IN,AAPL,2020-05-23 00:00:00+00:00,200000177,461579542,MT5_SIM,1.0,80.88,BUY,0.020,0.0,0.0,0.0,USD
FILL,OUT,AAPL,2020-05-26 00:01:00+00:00,200000177,461579542,MT5_SIM,1.0,79.03,SELL,0.020,0.0,0.0,-1.8500,USD
FILL,IN,AAPL,2020-05-28 00:00:00+00:00,200000179,461579542,MT5_SIM,1.0,79.20,BUY,0.020,0.0,0.0,0.0,USD
FILL,OUT,AAPL,2020-06-02 00:01:00+00:00,200000179,461579542,MT5_SIM,1.0,81.16,SELL,0.020,0.0,0.0,1.9600,USD
FILL,IN,AAPL,2020-06-06 00:00:00+00:00,200000181,461579542,MT5_SIM,1.0,82.57,BUY,0.020,0.0,0.0,0.0,USD
FILL,OUT,AAPL,2020-06-08 00:01:00+00:00,200000181,461579542,MT5_SIM,1.0,83.03,SELL,0.020,0.0,0.0,0.4600,USD
FILL,IN,AAPL,2020-06-13 00:00:00+00:00,200000183,461579542,MT5_SIM,1.0,83.32,BUY,0.020,0.0,0.0,0.0,USD
FILL,OUT,AAPL,2020-06-17 00:01:00+00:00,200000183,461579542,MT5_SIM,1.0,87.85,SELL,0.020,0.0,0.0,4.5300,USD
FILL,IN,AAPL,2020-06-19 00:00:00+00:00,200000185,461579542,MT5_SIM,1.0,88.67,BUY,0.020,0.0,0.0,0.0,USD
FILL,OUT,AAPL,2020-06-19 00:01:00+00:00,200000185,461579542,MT5_SIM,1.0,87.83,SELL,0.020,0.0,0.0,-0.8400,USD
FILL,IN,AAPL,2020-06-23 00:00:00+00:00,200000187,461579542,MT5_SIM,1.0,91.01,BUY,0.020,0.0,0.0,0.0,USD
FILL,OUT,AAPL,2020-06-23 00:01:00+00:00,200000187,461579542,MT5_SIM,1.0,91.25,SELL,0.020,0.0,0.0,0.2400,USD
FILL,IN,AAPL,2020-06-26 00:00:00+00:00,200000189,461579542,MT5_SIM,1.0,91.11,BUY,0.020,0.0,0.0,0.0,USD
FILL,OUT,AAPL,2020-07-07 00:01:00+00:00,200000189,461579542,MT5_SIM,1.0,94.18,SELL,0.020,0.0,0.0,3.0700,USD
FILL,IN,AAPL,2020-07-09 00:00:00+00:00,200000191,461579542,MT5_SIM,1.0,96.27,BUY,0.020,0.0,0.0,0.0,USD
FILL,OUT,AAPL,2020-07-09 00:01:00+00:00,200000191,461579542,MT5_SIM,1.0,95.33,SELL,0.020,0.0,0.0,-0.9400,USD
FILL,IN,AAPL,2020-07-11 00:00:00+00:00,200000193,461579542,MT5_SIM,1.0,97.27,BUY,0.020,0.0,0.0,0.0,USD
FILL,OUT,AAPL,2020-07-13 00:01:00+00:00,200000193,461579542,MT5_SIM,1.0,94.83,SELL,0.020,0.0,0.0,-2.4400,USD
FILL,IN,AAPL,2020-07-15 00:00:00+00:00,200000195,461579542,MT5_SIM,1.0,98.99,BUY,0.020,0.0,0.0,0.0,USD
FILL,OUT,AAPL,2020-07-27 00:01:00+00:00,200000195,461579542,MT5_SIM,1.0,94.36,SELL,0.020,0.0,0.0,-4.6300,USD
FILL,IN,AAPL,2020-07-29 00:00:00+00:00,200000197,461579542,MT5_SIM,1.0,93.76,BUY,0.020,0.0,0.0,0.0,USD
FILL,OUT,AAPL,2020-08-03 00:01:00+00:00,200000197,461579542,MT5_SIM,1.0,109.13,SELL,0.020,0.0,0.0,15.3700,USD
FILL,IN,AAPL,2020-08-05 00:00:00+00:00,200000199,461579542,MT5_SIM,1.0,109.38,BUY,0.020,0.0,0.0,0.0,USD
FILL,OUT,AAPL,2020-08-05 00:01:00+00:00,200000199,461579542,MT5_SIM,1.0,110.40,SELL,0.020,0.0,0.0,1.0200,USD
FILL,IN,AAPL,2020-08-11 00:00:00+00:00,200000201,461579542,MT5_SIM,1.0,111.98,BUY,0.020,0.0,0.0,0.0,USD
FILL,OUT,AAPL,2020-08-11 00:01:00+00:00,200000201,461579542,MT5_SIM,1.0,110.49,SELL,0.020,0.0,0.0,-1.4900,USD
FILL,IN,AAPL,2020-08-19 00:00:00+00:00,200000203,461579542,MT5_SIM,1.0,115.99,BUY,0.020,0.0,0.0,0.0,USD
FILL,OUT,AAPL,2020-08-19 00:01:00+00:00,200000203,461579542,MT5_SIM,1.0,115.75,SELL,0.020,0.0,0.0,-0.2400,USD
FILL,IN,AAPL,2020-08-21 00:00:00+00:00,200000205,461579542,MT5_SIM,1.0,119.27,BUY,0.020,0.0,0.0,0.0,USD
FILL,OUT,AAPL,2020-08-21 00:01:00+00:00,200000205,461579542,MT5_SIM,1.0,128.69,SELL,0.020,0.0,0.0,9.4200,USD
FILL,IN,AAPL,2020-08-27 00:00:00+00:00,200000207,461579542,MT5_SIM,1.0,127.15,BUY,0.020,0.0,0.0,0.0,USD
FILL,OUT,AAPL,2020-08-27 00:01:00+00:00,200000207,461579542,MT5_SIM,1.0,126.01,SELL,0.020,0.0,0.0,-1.1400,USD
FILL,IN,AAPL,2020-08-29 00:00:00+00:00,200000209,461579542,MT5_SIM,1.0,127.59,BUY,0.020,0.0,0.0,0.0,USD
FILL,OUT,AAPL,2020-09-01 00:01:00+00:00,200000209,461579542,MT5_SIM,1.0,137.58,SELL,0.020,0.0,0.0,9.9900,USD
FILL,IN,AAPL,2020-10-03 00:00:00+00:00,200000211,461579542,MT5_SIM,1.0,113.92,BUY,0.020,0.0,0.0,0.0,USD
FILL,OUT,AAPL,2020-10-13 00:01:00+00:00,200000211,461579542,MT5_SIM,1.0,121.00,SELL,0.020,0.0,0.0,7.0800,USD
FILL,IN,AAPL,2020-10-15 00:00:00+00:00,200000213,461579542,MT5_SIM,1.0,118.73,BUY,0.020,0.0,0.0,0.0,USD
FILL,OUT,AAPL,2020-10-16 00:01:00+00:00,200000213,461579542,MT5_SIM,1.0,119.95,SELL,0.020,0.0,0.0,1.2200,USD
FILL,IN,AAPL,2020-10-21 00:00:00+00:00,200000215,461579542,MT5_SIM,1.0,116.67,BUY,0.020,0.0,0.0,0.0,USD
FILL,OUT,AAPL,2020-10-29 00:01:00+00:00,200000215,461579542,MT5_SIM,1.0,111.05,SELL,0.020,0.0,0.0,-5.6200,USD
FILL,IN,AAPL,2020-10-31 00:00:00+00:00,200000217,461579542,MT5_SIM,1.0,109.12,BUY,0.020,0.0,0.0,0.0,USD
FILL,OUT,AAPL,2020-11-02 00:01:00+00:00,200000217,461579542,MT5_SIM,1.0,109.66,SELL,0.020,0.0,0.0,0.5400,USD
FILL,IN,AAPL,2020-11-07 00:00:00+00:00,200000219,461579542,MT5_SIM,1.0,120.51,BUY,0.020,0.0,0.0,0.0,USD
FILL,OUT,AAPL,2020-11-10 00:01:00+00:00,200000219,461579542,MT5_SIM,1.0,117.19,SELL,0.020,0.0,0.0,-3.3200,USD
FILL,IN,AAPL,2020-11-13 00:00:00+00:00,200000221,461579542,MT5_SIM,1.0,119.45,BUY,0.020,0.0,0.0,0.0,USD
FILL,OUT,AAPL,2020-11-25 00:01:00+00:00,200000221,461579542,MT5_SIM,1.0,116.56,SELL,0.020,0.0,0.0,-2.8900,USD
FILL,IN,AAPL,2020-12-02 00:00:00+00:00,200000223,461579542,MT5_SIM,1.0,122.02,BUY,0.020,0.0,0.0,0.0,USD
FILL,OUT,AAPL,2020-12-03 00:01:00+00:00,200000223,461579542,MT5_SIM,1.0,122.59,SELL,0.020,0.0,0.0,0.5700,USD
FILL,IN,AAPL,2020-12-08 00:00:00+00:00,200000225,461579542,MT5_SIM,1.0,124.38,BUY,0.020,0.0,0.0,0.0,USD
FILL,OUT,AAPL,2020-12-08 00:01:00+00:00,200000225,461579542,MT5_SIM,1.0,124.52,SELL,0.020,0.0,0.0,0.1400,USD
FILL,IN,AAPL,2020-12-11 00:00:00+00:00,200000227,461579542,MT5_SIM,1.0,122.44,BUY,0.020,0.0,0.0,0.0,USD
FILL,OUT,AAPL,2020-12-29 00:01:00+00:00,200000227,461579542,MT5_SIM,1.0,135.58,SELL,0.020,0.0,0.0,13.1400,USD
FILL,IN,AAPL,2020-12-31 00:00:00+00:00,200000229,461579542,MT5_SIM,1.0,134.09,BUY,0.020,0.0,0.0,0.0,USD
FILL,OUT,AAPL,2020-12-31 00:01:00+00:00,200000229,461579542,MT5_SIM,1.0,133.52,SELL,0.020,0.0,0.0,-0.5700,USD
FILL,IN,AAPL,2021-01-08 00:00:00+00:00,200000231,461579542,MT5_SIM,1.0,132.43,BUY,0.020,0.0,0.0,0.0,USD
FILL,OUT,AAPL,2021-01-13 00:01:00+00:00,200000231,461579542,MT5_SIM,1.0,130.80,SELL,0.020,0.0,0.0,-1.6300,USD
FILL,IN,AAPL,2021-01-16 00:00:00+00:00,200000233,461579542,MT5_SIM,1.0,127.78,BUY,0.020,0.0,0.0,0.0,USD
FILL,OUT,AAPL,2021-01-20 00:01:00+00:00,200000233,461579542,MT5_SIM,1.0,133.80,SELL,0.020,0.0,0.0,6.0200,USD
FILL,IN,AAPL,2021-01-22 00:00:00+00:00,200000235,461579542,MT5_SIM,1.0,136.28,BUY,0.020,0.0,0.0,0.0,USD
FILL,OUT,AAPL,2021-01-25 00:01:00+00:00,200000235,461579542,MT5_SIM,1.0,143.60,SELL,0.020,0.0,0.0,7.3200,USD
FILL,IN,AAPL,2021-01-29 00:00:00+00:00,200000237,461579542,MT5_SIM,1.0,135.84,BUY,0.020,0.0,0.0,0.0,USD
FILL,OUT,AAPL,2021-02-01 00:01:00+00:00,200000237,461579542,MT5_SIM,1.0,135.72,SELL,0.020,0.0,0.0,-0.1200,USD
FILL,IN,AAPL,2021-02-13 00:00:00+00:00,200000239,461579542,MT5_SIM,1.0,135.50,BUY,0.020,0.0,0.0,0.0,USD
FILL,OUT,AAPL,2021-02-16 00:01:00+00:00,200000239,461579542,MT5_SIM,1.0,131.25,SELL,0.020,0.0,0.0,-4.2500,USD
FILL,IN,AAPL,2021-02-18 00:00:00+00:00,200000241,461579542,MT5_SIM,1.0,129.20,BUY,0.020,0.0,0.0,0.0,USD
FILL,OUT,AAPL,2021-02-19 00:01:00+00:00,200000241,461579542,MT5_SIM,1.0,128.00,SELL,0.020,0.0,0.0,-1.2000,USD
FILL,IN,AAPL,2021-02-23 00:00:00+00:00,200000243,461579542,MT5_SIM,1.0,123.77,BUY,0.020,0.0,0.0,0.0,USD
FILL,OUT,AAPL,2021-02-23 00:01:00+00:00,200000243,461579542,MT5_SIM,1.0,124.94,SELL,0.020,0.0,0.0,1.1700,USD
FILL,IN,AAPL,2021-02-27 00:00:00+00:00,200000245,461579542,MT5_SIM,1.0,123.76,BUY,0.020,0.0,0.0,0.0,USD
FILL,OUT,AAPL,2021-03-02 00:01:00+00:00,200000245,461579542,MT5_SIM,1.0,124.80,SELL,0.020,0.0,0.0,1.0400,USD
FILL,IN,AAPL,2021-03-05 00:00:00+00:00,200000247,461579542,MT5_SIM,1.0,120.99,BUY,0.020,0.0,0.0,0.0,USD
FILL,OUT,AAPL,2021-03-16 00:01:00+00:00,200000247,461579542,MT5_SIM,1.0,124.05,SELL,0.020,0.0,0.0,3.0600,USD
FILL,IN,AAPL,2021-03-26 00:00:00+00:00,200000249,461579542,MT5_SIM,1.0,120.35,BUY,0.020,0.0,0.0,0.0,USD
FILL,OUT,AAPL,2021-04-06 00:01:00+00:00,200000249,461579542,MT5_SIM,1.0,125.83,SELL,0.020,0.0,0.0,5.4800,USD
FILL,IN,AAPL,2021-04-08 00:00:00+00:00,200000251,461579542,MT5_SIM,1.0,128.95,BUY,0.020,0.0,0.0,0.0,USD
FILL,OUT,AAPL,2021-04-12 00:01:00+00:00,200000251,461579542,MT5_SIM,1.0,132.44,SELL,0.020,0.0,0.0,3.4900,USD
FILL,IN,AAPL,2021-04-14 00:00:00+00:00,200000253,461579542,MT5_SIM,1.0,134.95,BUY,0.020,0.0,0.0,0.0,USD
FILL,OUT,AAPL,2021-04-14 00:01:00+00:00,200000253,461579542,MT5_SIM,1.0,133.82,SELL,0.020,0.0,0.0,-1.1300,USD
FILL,IN,AAPL,2021-04-16 00:00:00+00:00,200000255,461579542,MT5_SIM,1.0,134.31,BUY,0.020,0.0,0.0,0.0,USD
FILL,OUT,AAPL,2021-04-16 00:01:00+00:00,200000255,461579542,MT5_SIM,1.0,133.50,SELL,0.020,0.0,0.0,-0.8100,USD
FILL,IN,AAPL,2021-04-20 00:00:00+00:00,200000257,461579542,MT5_SIM,1.0,135.03,BUY,0.020,0.0,0.0,0.0,USD
FILL,OUT,AAPL,2021-06-14 00:01:00+00:00,200000257,461579542,MT5_SIM,1.0,129.94,SELL,0.020,0.0,0.0,-5.0900,USD
FILL,IN,AAPL,2021-06-17 00:00:00+00:00,200000259,461579542,MT5_SIM,1.0,129.81,BUY,0.020,0.0,0.0,0.0,USD
FILL,OUT,AAPL,2021-06-18 00:01:00+00:00,200000259,461579542,MT5_SIM,1.0,130.30,SELL,0.020,0.0,0.0,0.4900,USD
FILL,IN,AAPL,2021-06-22 00:00:00+00:00,200000261,461579542,MT5_SIM,1.0,132.14,BUY,0.020,0.0,0.0,0.0,USD
FILL,OUT,AAPL,2021-06-22 00:01:00+00:00,200000261,461579542,MT5_SIM,1.0,133.77,SELL,0.020,0.0,0.0,1.6300,USD
FILL,IN,AAPL,2021-06-25 00:00:00+00:00,200000263,461579542,MT5_SIM,1.0,133.47,BUY,0.020,0.0,0.0,0.0,USD
FILL,OUT,AAPL,2021-07-07 00:01:00+00:00,200000263,461579542,MT5_SIM,1.0,141.58,SELL,0.020,0.0,0.0,8.1100,USD
FILL,IN,AAPL,2021-07-20 00:00:00+00:00,200000265,461579542,MT5_SIM,1.0,143.47,BUY,0.020,0.0,0.0,0.0,USD
FILL,OUT,AAPL,2021-07-26 00:01:00+00:00,200000265,461579542,MT5_SIM,1.0,149.11,SELL,0.020,0.0,0.0,5.6400,USD
FILL,IN,AAPL,2021-07-29 00:00:00+00:00,200000267,461579542,MT5_SIM,1.0,144.70,BUY,0.020,0.0,0.0,0.0,USD
FILL,OUT,AAPL,2021-08-13 00:01:00+00:00,200000267,461579542,MT5_SIM,1.0,148.53,SELL,0.020,0.0,0.0,3.8300,USD
FILL,IN,AAPL,2021-08-19 00:00:00+00:00,200000269,461579542,MT5_SIM,1.0,145.03,BUY,0.020,0.0,0.0,0.0,USD
FILL,OUT,AAPL,2021-08-20 00:01:00+00:00,200000269,461579542,MT5_SIM,1.0,148.30,SELL,0.020,0.0,0.0,3.2700,USD
FILL,IN,AAPL,2021-08-26 00:00:00+00:00,200000271,461579542,MT5_SIM,1.0,148.36,BUY,0.020,0.0,0.0,0.0,USD
FILL,OUT,AAPL,2021-08-30 00:01:00+00:00,200000271,461579542,MT5_SIM,1.0,152.66,SELL,0.020,0.0,0.0,4.3000,USD
FILL,IN,AAPL,2021-09-02 00:00:00+00:00,200000273,461579542,MT5_SIM,1.0,153.87,BUY,0.020,0.0,0.0,0.0,USD
FILL,OUT,AAPL,2021-09-07 00:01:00+00:00,200000273,461579542,MT5_SIM,1.0,156.97,SELL,0.020,0.0,0.0,3.1000,USD
FILL,IN,AAPL,2021-09-10 00:00:00+00:00,200000275,461579542,MT5_SIM,1.0,155.01,BUY,0.020,0.0,0.0,0.0,USD
FILL,OUT,AAPL,2021-09-13 00:01:00+00:00,200000275,461579542,MT5_SIM,1.0,150.35,SELL,0.020,0.0,0.0,-4.6600,USD
FILL,IN,AAPL,2021-09-15 00:00:00+00:00,200000277,461579542,MT5_SIM,1.0,148.56,BUY,0.020,0.0,0.0,0.0,USD
FILL,OUT,AAPL,2021-09-16 00:01:00+00:00,200000277,461579542,MT5_SIM,1.0,148.82,SELL,0.020,0.0,0.0,0.2600,USD
FILL,IN,AAPL,2021-09-29 00:00:00+00:00,200000279,461579542,MT5_SIM,1.0,142.48,BUY,0.020,0.0,0.0,0.0,USD
FILL,OUT,AAPL,2021-09-30 00:01:00+00:00,200000279,461579542,MT5_SIM,1.0,141.89,SELL,0.020,0.0,0.0,-0.5900,USD
FILL,IN,AAPL,2021-10-02 00:00:00+00:00,200000281,461579542,MT5_SIM,1.0,141.76,BUY,0.020,0.0,0.0,0.0,USD
FILL,OUT,AAPL,2021-10-04 00:01:00+00:00,200000281,461579542,MT5_SIM,1.0,139.49,SELL,0.020,0.0,0.0,-2.2700,USD
FILL,IN,AAPL,2021-10-06 00:00:00+00:00,200000283,461579542,MT5_SIM,1.0,139.48,BUY,0.020,0.0,0.0,0.0,USD
FILL,OUT,AAPL,2021-10-06 00:01:00+00:00,200000283,461579542,MT5_SIM,1.0,143.05,SELL,0.020,0.0,0.0,3.5700,USD
FILL,IN,AAPL,2021-10-12 00:00:00+00:00,200000285,461579542,MT5_SIM,1.0,143.23,BUY,0.020,0.0,0.0,0.0,USD
FILL,OUT,AAPL,2021-10-12 00:01:00+00:00,200000285,461579542,MT5_SIM,1.0,141.24,SELL,0.020,0.0,0.0,-1.9900,USD
FILL,IN,AAPL,2021-10-14 00:00:00+00:00,200000287,461579542,MT5_SIM,1.0,142.12,BUY,0.020,0.0,0.0,0.0,USD
FILL,OUT,AAPL,2021-10-15 00:01:00+00:00,200000287,461579542,MT5_SIM,1.0,143.44,SELL,0.020,0.0,0.0,1.3200,USD
FILL,IN,AAPL,2021-10-19 00:00:00+00:00,200000289,461579542,MT5_SIM,1.0,147.01,BUY,0.020,0.0,0.0,0.0,USD
FILL,OUT,AAPL,2021-10-19 00:01:00+00:00,200000289,461579542,MT5_SIM,1.0,148.69,SELL,0.020,0.0,0.0,1.6800,USD
FILL,IN,AAPL,2021-10-30 00:00:00+00:00,200000291,461579542,MT5_SIM,1.0,149.00,BUY,0.020,0.0,0.0,0.0,USD
FILL,OUT,AAPL,2021-11-15 00:01:00+00:00,200000291,461579542,MT5_SIM,1.0,149.94,SELL,0.020,0.0,0.0,0.9400,USD
FILL,IN,AAPL,2021-11-17 00:00:00+00:00,200000293,461579542,MT5_SIM,1.0,151.01,BUY,0.020,0.0,0.0,0.0,USD
FILL,OUT,AAPL,2021-11-22 00:01:00+00:00,200000293,461579542,MT5_SIM,1.0,161.11,SELL,0.020,0.0,0.0,10.1000,USD
FILL,IN,AAPL,2021-11-24 00:00:00+00:00,200000295,461579542,MT5_SIM,1.0,160.76,BUY,0.020,0.0,0.0,0.0,USD
FILL,OUT,AAPL,2021-11-29 00:01:00+00:00,200000295,461579542,MT5_SIM,1.0,159.99,SELL,0.020,0.0,0.0,-0.7700,USD
FILL,IN,AAPL,2022-01-14 00:00:00+00:00,200000297,461579542,MT5_SIM,1.0,171.34,BUY,0.020,0.0,0.0,0.0,USD
FILL,OUT,AAPL,2022-01-14 00:01:00+00:00,200000297,461579542,MT5_SIM,1.0,171.50,SELL,0.020,0.0,0.0,0.1600,USD
FILL,IN,AAPL,2022-03-04 00:00:00+00:00,200000299,461579542,MT5_SIM,1.0,164.50,BUY,0.020,0.0,0.0,0.0,USD
FILL,OUT,AAPL,2022-03-07 00:01:00+00:00,200000299,461579542,MT5_SIM,1.0,158.82,SELL,0.020,0.0,0.0,-5.6800,USD
FILL,IN,AAPL,2022-03-09 00:00:00+00:00,200000301,461579542,MT5_SIM,1.0,161.48,BUY,0.020,0.0,0.0,0.0,USD
FILL,OUT,AAPL,2022-03-10 00:01:00+00:00,200000301,461579542,MT5_SIM,1.0,158.92,SELL,0.020,0.0,0.0,-2.5600,USD
FILL,IN,AAPL,2022-03-12 00:00:00+00:00,200000303,461579542,MT5_SIM,1.0,151.45,BUY,0.020,0.0,0.0,0.0,USD
FILL,OUT,AAPL,2022-03-25 00:01:00+00:00,200000303,461579542,MT5_SIM,1.0,172.16,SELL,0.020,0.0,0.0,20.7100,USD
FILL,IN,AAPL,2022-04-02 00:00:00+00:00,200000305,461579542,MT5_SIM,1.0,174.58,BUY,0.020,0.0,0.0,0.0,USD
FILL,OUT,AAPL,2022-04-05 00:01:00+00:00,200000305,461579542,MT5_SIM,1.0,172.36,SELL,0.020,0.0,0.0,-2.2200,USD
FILL,IN,AAPL,2022-04-07 00:00:00+00:00,200000307,461579542,MT5_SIM,1.0,171.17,BUY,0.020,0.0,0.0,0.0,USD
FILL,OUT,AAPL,2022-04-07 00:01:00+00:00,200000307,461579542,MT5_SIM,1.0,171.77,SELL,0.020,0.0,0.0,0.6000,USD
FILL,IN,AAPL,2022-04-12 00:00:00+00:00,200000309,461579542,MT5_SIM,1.0,168.03,BUY,0.020,0.0,0.0,0.0,USD
FILL,OUT,AAPL,2022-07-21 00:01:00+00:00,200000309,461579542,MT5_SIM,1.0,155.38,SELL,0.020,0.0,0.0,-12.6500,USD
FILL,IN,AAPL,2022-07-27 00:00:00+00:00,200000311,461579542,MT5_SIM,1.0,152.59,BUY,0.020,0.0,0.0,0.0,USD
FILL,OUT,AAPL,2022-07-28 00:01:00+00:00,200000311,461579542,MT5_SIM,1.0,161.24,SELL,0.020,0.0,0.0,8.6500,USD
FILL,IN,AAPL,2022-08-04 00:00:00+00:00,200000313,461579542,MT5_SIM,1.0,166.01,BUY,0.020,0.0,0.0,0.0,USD
FILL,OUT,AAPL,2022-08-04 00:01:00+00:00,200000313,461579542,MT5_SIM,1.0,163.21,SELL,0.020,0.0,0.0,-2.8000,USD
FILL,IN,AAPL,2022-08-11 00:00:00+00:00,200000315,461579542,MT5_SIM,1.0,170.06,BUY,0.020,0.0,0.0,0.0,USD
FILL,OUT,AAPL,2022-08-11 00:01:00+00:00,200000315,461579542,MT5_SIM,1.0,169.82,SELL,0.020,0.0,0.0,-0.2400,USD
FILL,IN,AAPL,2022-08-23 00:00:00+00:00,200000317,461579542,MT5_SIM,1.0,167.09,BUY,0.020,0.0,0.0,0.0,USD
FILL,OUT,AAPL,2022-08-23 00:01:00+00:00,200000317,461579542,MT5_SIM,1.0,167.32,SELL,0.020,0.0,0.0,0.2300,USD
FILL,IN,AAPL,2022-08-25 00:00:00+00:00,200000319,461579542,MT5_SIM,1.0,168.78,BUY,0.020,0.0,0.0,0.0,USD
FILL,OUT,AAPL,2022-08-26 00:01:00+00:00,200000319,461579542,MT5_SIM,1.0,161.14,SELL,0.020,0.0,0.0,-7.6400,USD
FILL,IN,AAPL,2022-09-17 00:00:00+00:00,200000321,461579542,MT5_SIM,1.0,149.31,BUY,0.020,0.0,0.0,0.0,USD
FILL,OUT,AAPL,2022-09-19 00:01:00+00:00,200000321,461579542,MT5_SIM,1.0,153.39,SELL,0.020,0.0,0.0,4.0800,USD
FILL,IN,AAPL,2022-10-01 00:00:00+00:00,200000323,461579542,MT5_SIM,1.0,138.22,BUY,0.020,0.0,0.0,0.0,USD
FILL,OUT,AAPL,2022-10-31 00:01:00+00:00,200000323,461579542,MT5_SIM,1.0,155.08,SELL,0.020,0.0,0.0,16.8600,USD
FILL,IN,AAPL,2022-12-09 00:00:00+00:00,200000325,461579542,MT5_SIM,1.0,142.34,BUY,0.020,0.0,0.0,0.0,USD
FILL,OUT,AAPL,2023-01-25 00:01:00+00:00,200000325,461579542,MT5_SIM,1.0,143.16,SELL,0.020,0.0,0.0,0.8200,USD
FILL,IN,AAPL,2023-01-27 00:00:00+00:00,200000327,461579542,MT5_SIM,1.0,143.17,BUY,0.020,0.0,0.0,0.0,USD
FILL,OUT,AAPL,2023-01-27 00:01:00+00:00,200000327,461579542,MT5_SIM,1.0,144.96,SELL,0.020,0.0,0.0,1.7900,USD
FILL,IN,AAPL,2023-02-01 00:00:00+00:00,200000329,461579542,MT5_SIM,1.0,143.98,BUY,0.020,0.0,0.0,0.0,USD
FILL,OUT,AAPL,2023-02-02 00:01:00+00:00,200000329,461579542,MT5_SIM,1.0,148.02,SELL,0.020,0.0,0.0,4.0400,USD
FILL,IN,AAPL,2023-02-10 00:00:00+00:00,200000331,461579542,MT5_SIM,1.0,149.47,BUY,0.020,0.0,0.0,0.0,USD
FILL,OUT,AAPL,2023-02-10 00:01:00+00:00,200000331,461579542,MT5_SIM,1.0,150.94,SELL,0.020,0.0,0.0,1.4700,USD
FILL,IN,AAPL,2023-02-15 00:00:00+00:00,200000333,461579542,MT5_SIM,1.0,153.12,BUY,0.020,0.0,0.0,0.0,USD
FILL,OUT,AAPL,2023-02-16 00:01:00+00:00,200000333,461579542,MT5_SIM,1.0,152.35,SELL,0.020,0.0,0.0,-0.7700,USD
FILL,IN,AAPL,2023-02-18 00:00:00+00:00,200000335,461579542,MT5_SIM,1.0,150.20,BUY,0.020,0.0,0.0,0.0,USD
FILL,OUT,AAPL,2023-03-02 00:01:00+00:00,200000335,461579542,MT5_SIM,1.0,148.03,SELL,0.020,0.0,0.0,-2.1700,USD
FILL,IN,AAPL,2023-03-08 00:00:00+00:00,200000337,461579542,MT5_SIM,1.0,152.81,BUY,0.020,0.0,0.0,0.0,USD
FILL,OUT,AAPL,2023-03-14 00:01:00+00:00,200000337,461579542,MT5_SIM,1.0,151.19,SELL,0.020,0.0,0.0,-1.6200,USD
FILL,IN,AAPL,2023-03-16 00:00:00+00:00,200000339,461579542,MT5_SIM,1.0,152.17,BUY,0.020,0.0,0.0,0.0,USD
FILL,OUT,AAPL,2023-03-17 00:01:00+00:00,200000339,461579542,MT5_SIM,1.0,155.07,SELL,0.020,0.0,0.0,2.9000,USD
FILL,IN,AAPL,2023-03-21 00:00:00+00:00,200000341,461579542,MT5_SIM,1.0,157.33,BUY,0.020,0.0,0.0,0.0,USD
FILL,OUT,AAPL,2023-04-03 00:01:00+00:00,200000341,461579542,MT5_SIM,1.0,166.60,SELL,0.020,0.0,0.0,9.2700,USD
FILL,IN,AAPL,2023-04-07 00:00:00+00:00,200000343,461579542,MT5_SIM,1.0,161.42,BUY,0.020,0.0,0.0,0.0,USD
FILL,OUT,AAPL,2023-04-10 00:01:00+00:00,200000343,461579542,MT5_SIM,1.0,162.35,SELL,0.020,0.0,0.0,0.9300,USD
FILL,IN,AAPL,2023-04-12 00:00:00+00:00,200000345,461579542,MT5_SIM,1.0,161.23,BUY,0.020,0.0,0.0,0.0,USD
FILL,OUT,AAPL,2023-04-27 00:01:00+00:00,200000345,461579542,MT5_SIM,1.0,168.49,SELL,0.020,0.0,0.0,7.2600,USD
FILL,IN,AAPL,2023-04-29 00:00:00+00:00,200000347,461579542,MT5_SIM,1.0,169.28,BUY,0.020,0.0,0.0,0.0,USD
FILL,OUT,AAPL,2023-05-01 00:01:00+00:00,200000347,461579542,MT5_SIM,1.0,170.08,SELL,0.020,0.0,0.0,0.8000,USD
FILL,IN,AAPL,2023-05-04 00:00:00+00:00,200000349,461579542,MT5_SIM,1.0,164.89,BUY,0.020,0.0,0.0,0.0,USD
FILL,OUT,AAPL,2023-05-05 00:01:00+00:00,200000349,461579542,MT5_SIM,1.0,172.47,SELL,0.020,0.0,0.0,7.5800,USD
FILL,IN,AAPL,2023-05-09 00:00:00+00:00,200000351,461579542,MT5_SIM,1.0,173.06,BUY,0.020,0.0,0.0,0.0,USD
FILL,OUT,AAPL,2023-05-09 00:01:00+00:00,200000351,461579542,MT5_SIM,1.0,173.02,SELL,0.020,0.0,0.0,-0.0400,USD
FILL,IN,AAPL,2023-05-11 00:00:00+00:00,200000353,461579542,MT5_SIM,1.0,173.86,BUY,0.020,0.0,0.0,0.0,USD
FILL,OUT,AAPL,2023-05-11 00:01:00+00:00,200000353,461579542,MT5_SIM,1.0,173.61,SELL,0.020,0.0,0.0,-0.2500,USD
FILL,IN,AAPL,2023-05-16 00:00:00+00:00,200000355,461579542,MT5_SIM,1.0,172.00,BUY,0.020,0.0,0.0,0.0,USD
FILL,OUT,AAPL,2023-05-18 00:01:00+00:00,200000355,461579542,MT5_SIM,1.0,176.38,SELL,0.020,0.0,0.0,4.3800,USD
FILL,IN,AAPL,2023-05-20 00:00:00+00:00,200000357,461579542,MT5_SIM,1.0,173.98,BUY,0.020,0.0,0.0,0.0,USD
FILL,OUT,AAPL,2023-05-23 00:01:00+00:00,200000357,461579542,MT5_SIM,1.0,171.08,SELL,0.020,0.0,0.0,-2.9000,USD
FILL,IN,AAPL,2023-05-25 00:00:00+00:00,200000359,461579542,MT5_SIM,1.0,172.42,BUY,0.020,0.0,0.0,0.0,USD
FILL,OUT,AAPL,2023-05-25 00:01:00+00:00,200000359,461579542,MT5_SIM,1.0,173.32,SELL,0.020,0.0,0.0,0.9000,USD
FILL,IN,AAPL,2023-05-27 00:00:00+00:00,200000361,461579542,MT5_SIM,1.0,176.97,BUY,0.020,0.0,0.0,0.0,USD
FILL,OUT,AAPL,2023-05-30 00:01:00+00:00,200000361,461579542,MT5_SIM,1.0,177.33,SELL,0.020,0.0,0.0,0.3600,USD
FILL,IN,AAPL,2023-06-02 00:00:00+00:00,200000363,461579542,MT5_SIM,1.0,181.03,BUY,0.020,0.0,0.0,0.0,USD
FILL,OUT,AAPL,2023-06-07 00:01:00+00:00,200000363,461579542,MT5_SIM,1.0,177.89,SELL,0.020,0.0,0.0,-3.1400,USD
FILL,IN,AAPL,2023-06-10 00:00:00+00:00,200000365,461579542,MT5_SIM,1.0,181.28,BUY,0.020,0.0,0.0,0.0,USD
FILL,OUT,AAPL,2023-06-15 00:01:00+00:00,200000365,461579542,MT5_SIM,1.0,186.72,SELL,0.020,0.0,0.0,5.4400,USD
FILL,IN,AAPL,2023-06-17 00:00:00+00:00,200000367,461579542,MT5_SIM,1.0,184.42,BUY,0.020,0.0,0.0,0.0,USD
FILL,OUT,AAPL,2023-06-21 00:01:00+00:00,200000367,461579542,MT5_SIM,1.0,183.74,SELL,0.020,0.0,0.0,-0.6800,USD
FILL,IN,AAPL,2023-06-23 00:00:00+00:00,200000369,461579542,MT5_SIM,1.0,185.56,BUY,0.020,0.0,0.0,0.0,USD
FILL,OUT,AAPL,2023-07-13 00:01:00+00:00,200000369,461579542,MT5_SIM,1.0,190.22,SELL,0.020,0.0,0.0,4.6600,USD
FILL,IN,AAPL,2023-07-15 00:00:00+00:00,200000371,461579542,MT5_SIM,1.0,191.90,BUY,0.020,0.0,0.0,0.0,USD
FILL,OUT,AAPL,2023-07-26 00:01:00+00:00,200000371,461579542,MT5_SIM,1.0,196.02,SELL,0.020,0.0,0.0,4.1200,USD
FILL,IN,AAPL,2023-07-28 00:00:00+00:00,200000373,461579542,MT5_SIM,1.0,194.67,BUY,0.020,0.0,0.0,0.0,USD
FILL,OUT,AAPL,2023-07-31 00:01:00+00:00,200000373,461579542,MT5_SIM,1.0,196.24,SELL,0.020,0.0,0.0,1.5700,USD
FILL,IN,AAPL,2023-08-03 00:00:00+00:00,200000375,461579542,MT5_SIM,1.0,191.58,BUY,0.020,0.0,0.0,0.0,USD
FILL,OUT,AAPL,2023-08-07 00:01:00+00:00,200000375,461579542,MT5_SIM,1.0,179.69,SELL,0.020,0.0,0.0,-11.8900,USD
FILL,IN,AAPL,2023-08-19 00:00:00+00:00,200000377,461579542,MT5_SIM,1.0,175.08,BUY,0.020,0.0,0.0,0.0,USD
FILL,OUT,AAPL,2023-08-23 00:01:00+00:00,200000377,461579542,MT5_SIM,1.0,180.66,SELL,0.020,0.0,0.0,5.5800,USD
FILL,IN,AAPL,2023-09-02 00:00:00+00:00,200000379,461579542,MT5_SIM,1.0,188.28,BUY,0.020,0.0,0.0,0.0,USD
FILL,OUT,AAPL,2023-09-07 00:01:00+00:00,200000379,461579542,MT5_SIM,1.0,178.35,SELL,0.020,0.0,0.0,-9.9300,USD
FILL,IN,AAPL,2023-09-28 00:00:00+00:00,200000381,461579542,MT5_SIM,1.0,169.34,BUY,0.020,0.0,0.0,0.0,USD
FILL,OUT,AAPL,2023-10-13 00:01:00+00:00,200000381,461579542,MT5_SIM,1.0,176.75,SELL,0.020,0.0,0.0,7.4100,USD
FILL,IN,AAPL,2023-10-17 00:00:00+00:00,200000383,461579542,MT5_SIM,1.0,176.65,BUY,0.020,0.0,0.0,0.0,USD
FILL,OUT,AAPL,2023-11-17 00:01:00+00:00,200000383,461579542,MT5_SIM,1.0,189.88,SELL,0.020,0.0,0.0,13.2300,USD
FILL,IN,AAPL,2023-11-29 00:00:00+00:00,200000385,461579542,MT5_SIM,1.0,190.90,BUY,0.020,0.0,0.0,0.0,USD
FILL,OUT,AAPL,2023-11-29 00:01:00+00:00,200000385,461579542,MT5_SIM,1.0,189.83,SELL,0.020,0.0,0.0,-1.0700,USD
FILL,IN,AAPL,2023-12-01 00:00:00+00:00,200000387,461579542,MT5_SIM,1.0,190.34,BUY,0.020,0.0,0.0,0.0,USD
FILL,OUT,AAPL,2023-12-04 00:01:00+00:00,200000387,461579542,MT5_SIM,1.0,190.21,SELL,0.020,0.0,0.0,-0.1300,USD
FILL,IN,AAPL,2023-12-06 00:00:00+00:00,200000389,461579542,MT5_SIM,1.0,194.45,BUY,0.020,0.0,0.0,0.0,USD
FILL,OUT,AAPL,2023-12-06 00:01:00+00:00,200000389,461579542,MT5_SIM,1.0,193.63,SELL,0.020,0.0,0.0,-0.8200,USD
FILL,IN,AAPL,2023-12-08 00:00:00+00:00,200000391,461579542,MT5_SIM,1.0,194.20,BUY,0.020,0.0,0.0,0.0,USD
FILL,OUT,AAPL,2023-12-08 00:01:00+00:00,200000391,461579542,MT5_SIM,1.0,193.11,SELL,0.020,0.0,0.0,-1.0900,USD
FILL,IN,AAPL,2023-12-13 00:00:00+00:00,200000393,461579542,MT5_SIM,1.0,195.09,BUY,0.020,0.0,0.0,0.0,USD
FILL,OUT,AAPL,2023-12-28 00:01:00+00:00,200000393,461579542,MT5_SIM,1.0,193.89,SELL,0.020,0.0,0.0,-1.2000,USD
FILL,IN,AAPL,2023-12-30 00:00:00+00:00,200000395,461579542,MT5_SIM,1.0,187.15,BUY,0.020,0.0,0.0,0.0,USD
FILL,OUT,AAPL,2024-01-03 00:01:00+00:00,200000395,461579542,MT5_SIM,1.0,182.14,SELL,0.020,0.0,0.0,-5.0100,USD
FILL,IN,AAPL,2024-01-23 00:00:00+00:00,200000397,461579542,MT5_SIM,1.0,195.03,BUY,0.020,0.0,0.0,0.0,USD
FILL,OUT,AAPL,2024-01-23 00:01:00+00:00,200000397,461579542,MT5_SIM,1.0,195.41,SELL,0.020,0.0,0.0,0.3800,USD
FILL,IN,AAPL,2024-01-30 00:00:00+00:00,200000399,461579542,MT5_SIM,1.0,190.95,BUY,0.020,0.0,0.0,0.0,USD
FILL,OUT,AAPL,2024-01-31 00:01:00+00:00,200000399,461579542,MT5_SIM,1.0,183.99,SELL,0.020,0.0,0.0,-6.9600,USD
FILL,IN,AAPL,2024-02-14 00:00:00+00:00,200000401,461579542,MT5_SIM,1.0,185.33,BUY,0.020,0.0,0.0,0.0,USD
FILL,OUT,AAPL,2024-02-16 00:01:00+00:00,200000401,461579542,MT5_SIM,1.0,181.78,SELL,0.020,0.0,0.0,-3.5500,USD
FILL,IN,AAPL,2024-02-21 00:00:00+00:00,200000403,461579542,MT5_SIM,1.0,181.95,BUY,0.020,0.0,0.0,0.0,USD
FILL,OUT,AAPL,2024-02-23 00:01:00+00:00,200000403,461579542,MT5_SIM,1.0,182.24,SELL,0.020,0.0,0.0,0.2900,USD
FILL,IN,AAPL,2024-02-27 00:00:00+00:00,200000405,461579542,MT5_SIM,1.0,181.11,BUY,0.020,0.0,0.0,0.0,USD
FILL,OUT,AAPL,2024-05-16 00:01:00+00:00,200000405,461579542,MT5_SIM,1.0,189.50,SELL,0.020,0.0,0.0,8.3900,USD
FILL,IN,AAPL,2024-05-31 00:00:00+00:00,200000407,461579542,MT5_SIM,1.0,191.45,BUY,0.020,0.0,0.0,0.0,USD
FILL,OUT,AAPL,2024-05-31 00:01:00+00:00,200000407,461579542,MT5_SIM,1.0,192.89,SELL,0.020,0.0,0.0,1.4400,USD
FILL,IN,AAPL,2024-06-06 00:00:00+00:00,200000409,461579542,MT5_SIM,1.0,195.70,BUY,0.020,0.0,0.0,0.0,USD
FILL,OUT,AAPL,2024-06-06 00:01:00+00:00,200000409,461579542,MT5_SIM,1.0,194.64,SELL,0.020,0.0,0.0,-1.0600,USD
FILL,IN,AAPL,2024-06-08 00:00:00+00:00,200000411,461579542,MT5_SIM,1.0,196.90,BUY,0.020,0.0,0.0,0.0,USD
FILL,OUT,AAPL,2024-06-10 00:01:00+00:00,200000411,461579542,MT5_SIM,1.0,193.64,SELL,0.020,0.0,0.0,-3.2600,USD
FILL,IN,AAPL,2024-07-13 00:00:00+00:00,200000413,461579542,MT5_SIM,1.0,236.48,BUY,0.020,0.0,0.0,0.0,USD
FILL,OUT,AAPL,2024-07-15 00:01:00+00:00,200000413,461579542,MT5_SIM,1.0,235.00,SELL,0.020,0.0,0.0,-1.4800,USD
FILL,IN,AAPL,2024-07-19 00:00:00+00:00,200000415,461579542,MT5_SIM,1.0,224.83,BUY,0.020,0.0,0.0,0.0,USD
FILL,OUT,AAPL,2024-07-19 00:01:00+00:00,200000415,461579542,MT5_SIM,1.0,227.00,SELL,0.020,0.0,0.0,2.1700,USD
FILL,IN,AAPL,2024-08-13 00:00:00+00:00,200000417,461579542,MT5_SIM,1.0,219.01,BUY,0.020,0.0,0.0,0.0,USD
FILL,OUT,AAPL,2024-08-16 00:01:00+00:00,200000417,461579542,MT5_SIM,1.0,225.72,SELL,0.020,0.0,0.0,6.7100,USD
FILL,IN,AAPL,2024-08-30 00:00:00+00:00,200000419,461579542,MT5_SIM,1.0,230.20,BUY,0.020,0.0,0.0,0.0,USD
FILL,OUT,AAPL,2024-09-17 00:01:00+00:00,200000419,461579542,MT5_SIM,1.0,217.55,SELL,0.020,0.0,0.0,-12.6500,USD
FILL,IN,AAPL,2024-09-21 00:00:00+00:00,200000421,461579542,MT5_SIM,1.0,227.34,BUY,0.020,0.0,0.0,0.0,USD
FILL,OUT,AAPL,2024-09-24 00:01:00+00:00,200000421,461579542,MT5_SIM,1.0,224.92,SELL,0.020,0.0,0.0,-2.4200,USD
FILL,IN,AAPL,2024-09-26 00:00:00+00:00,200000423,461579542,MT5_SIM,1.0,227.31,BUY,0.020,0.0,0.0,0.0,USD
FILL,OUT,AAPL,2024-09-26 00:01:00+00:00,200000423,461579542,MT5_SIM,1.0,228.46,SELL,0.020,0.0,0.0,1.1500,USD
FILL,IN,AAPL,2024-09-28 00:00:00+00:00,200000425,461579542,MT5_SIM,1.0,230.04,BUY,0.020,0.0,0.0,0.0,USD
FILL,OUT,AAPL,2024-10-01 00:01:00+00:00,200000425,461579542,MT5_SIM,1.0,225.88,SELL,0.020,0.0,0.0,-4.1600,USD
FILL,IN,AAPL,2024-10-04 00:00:00+00:00,200000427,461579542,MT5_SIM,1.0,227.90,BUY,0.020,0.0,0.0,0.0,USD
FILL,OUT,AAPL,2024-10-04 00:01:00+00:00,200000427,461579542,MT5_SIM,1.0,224.50,SELL,0.020,0.0,0.0,-3.4000,USD
FILL,IN,AAPL,2024-10-08 00:00:00+00:00,200000429,461579542,MT5_SIM,1.0,224.31,BUY,0.020,0.0,0.0,0.0,USD
FILL,OUT,AAPL,2024-10-09 00:01:00+00:00,200000429,461579542,MT5_SIM,1.0,227.77,SELL,0.020,0.0,0.0,3.4600,USD
FILL,IN,AAPL,2024-10-11 00:00:00+00:00,200000431,461579542,MT5_SIM,1.0,229.31,BUY,0.020,0.0,0.0,0.0,USD
FILL,OUT,AAPL,2024-10-15 00:01:00+00:00,200000431,461579542,MT5_SIM,1.0,231.60,SELL,0.020,0.0,0.0,2.2900,USD
FILL,IN,AAPL,2024-10-17 00:00:00+00:00,200000433,461579542,MT5_SIM,1.0,233.43,BUY,0.020,0.0,0.0,0.0,USD
FILL,OUT,AAPL,2024-10-17 00:01:00+00:00,200000433,461579542,MT5_SIM,1.0,236.17,SELL,0.020,0.0,0.0,2.7400,USD
FILL,IN,AAPL,2024-10-19 00:00:00+00:00,200000435,461579542,MT5_SIM,1.0,234.45,BUY,0.020,0.0,0.0,0.0,USD
FILL,OUT,AAPL,2024-10-24 00:01:00+00:00,200000435,461579542,MT5_SIM,1.0,229.74,SELL,0.020,0.0,0.0,-4.7100,USD
FILL,IN,AAPL,2024-10-30 00:00:00+00:00,200000437,461579542,MT5_SIM,1.0,232.62,BUY,0.020,0.0,0.0,0.0,USD
FILL,OUT,AAPL,2024-11-04 00:01:00+00:00,200000437,461579542,MT5_SIM,1.0,221.80,SELL,0.020,0.0,0.0,-10.8200,USD
FILL,IN,AAPL,2024-11-19 00:00:00+00:00,200000439,461579542,MT5_SIM,1.0,226.98,BUY,0.020,0.0,0.0,0.0,USD
FILL,OUT,AAPL,2024-11-19 00:01:00+00:00,200000439,461579542,MT5_SIM,1.0,228.05,SELL,0.020,0.0,0.0,1.0700,USD
FILL,IN,AAPL,2024-11-23 00:00:00+00:00,200000441,461579542,MT5_SIM,1.0,231.47,BUY,0.020,0.0,0.0,0.0,USD
FILL,OUT,AAPL,2024-11-26 00:01:00+00:00,200000441,461579542,MT5_SIM,1.0,234.47,SELL,0.020,0.0,0.0,3.0000,USD
FILL,IN,AAPL,2024-12-05 00:00:00+00:00,200000443,461579542,MT5_SIM,1.0,244.00,BUY,0.020,0.0,0.0,0.0,USD
FILL,OUT,AAPL,2024-12-18 00:01:00+00:00,200000443,461579542,MT5_SIM,1.0,247.50,SELL,0.020,0.0,0.0,3.5000,USD
FILL,IN,AAPL,2024-12-20 00:00:00+00:00,200000445,461579542,MT5_SIM,1.0,248.04,BUY,0.020,0.0,0.0,0.0,USD
FILL,OUT,AAPL,2024-12-24 00:01:00+00:00,200000445,461579542,MT5_SIM,1.0,258.19,SELL,0.020,0.0,0.0,10.1500,USD
FILL,IN,AAPL,2024-12-31 00:00:00+00:00,200000447,461579542,MT5_SIM,1.0,252.45,BUY,0.020,0.0,0.0,0.0,USD
FILL,OUT,AAPL,2025-01-03 00:01:00+00:00,200000447,461579542,MT5_SIM,1.0,244.30,SELL,0.020,0.0,0.0,-8.1500,USD
FILL,IN,AAPL,2025-02-26 00:00:00+00:00,200000449,461579542,MT5_SIM,1.0,244.34,BUY,0.020,0.0,0.0,0.0,USD
FILL,OUT,AAPL,2025-02-28 00:01:00+00:00,200000449,461579542,MT5_SIM,1.0,241.78,SELL,0.020,0.0,0.0,-2.5600,USD
FILL,IN,AAPL,2025-03-04 00:00:00+00:00,200000451,461579542,MT5_SIM,1.0,237.72,BUY,0.020,0.0,0.0,0.0,USD
FILL,OUT,AAPL,2025-03-04 00:01:00+00:00,200000451,461579542,MT5_SIM,1.0,235.41,SELL,0.020,0.0,0.0,-2.3100,USD
FILL,IN,AAPL,2025-05-09 00:00:00+00:00,200000453,461579542,MT5_SIM,1.0,199.01,BUY,0.020,0.0,0.0,0.0,USD
FILL,OUT,AAPL,2025-07-15 00:01:00+00:00,200000453,461579542,MT5_SIM,1.0,210.30,SELL,0.020,0.0,0.0,11.2900,USD
FILL,IN,AAPL,2025-07-17 00:00:00+00:00,200000455,461579542,MT5_SIM,1.0,210.58,BUY,0.020,0.0,0.0,0.0,USD
FILL,OUT,AAPL,2025-08-07 00:01:00+00:00,200000455,461579542,MT5_SIM,1.0,220.83,SELL,0.020,0.0,0.0,10.2500,USD
FILL,IN,AAPL,2025-08-09 00:00:00+00:00,200000457,461579542,MT5_SIM,1.0,227.92,BUY,0.020,0.0,0.0,0.0,USD
FILL,OUT,AAPL,2025-08-14 00:01:00+00:00,200000457,461579542,MT5_SIM,1.0,234.00,SELL,0.020,0.0,0.0,6.0800,USD
FILL,IN,AAPL,2025-08-20 00:00:00+00:00,200000459,461579542,MT5_SIM,1.0,229.98,BUY,0.020,0.0,0.0,0.0,USD
FILL,OUT,AAPL,2025-08-29 00:01:00+00:00,200000459,461579542,MT5_SIM,1.0,229.25,SELL,0.020,0.0,0.0,-0.7300,USD
FILL,IN,AAPL,2025-09-03 00:00:00+00:00,200000461,461579542,MT5_SIM,1.0,237.22,BUY,0.020,0.0,0.0,0.0,USD
FILL,OUT,AAPL,2025-09-04 00:01:00+00:00,200000461,461579542,MT5_SIM,1.0,240.00,SELL,0.020,0.0,0.0,2.7800,USD
FILL,IN,AAPL,2025-09-10 00:00:00+00:00,200000463,461579542,MT5_SIM,1.0,232.20,BUY,0.020,0.0,0.0,0.0,USD
FILL,OUT,AAPL,2025-09-10 00:01:00+00:00,200000463,461579542,MT5_SIM,1.0,226.88,SELL,0.020,0.0,0.0,-5.3200,USD
FILL,IN,AAPL,2025-09-12 00:00:00+00:00,200000465,461579542,MT5_SIM,1.0,229.23,BUY,0.020,0.0,0.0,0.0,USD
FILL,OUT,AAPL,2025-09-15 00:01:00+00:00,200000465,461579542,MT5_SIM,1.0,237.17,SELL,0.020,0.0,0.0,7.9400,USD
FILL,IN,AAPL,2025-09-17 00:00:00+00:00,200000467,461579542,MT5_SIM,1.0,238.98,BUY,0.020,0.0,0.0,0.0,USD
FILL,OUT,AAPL,2025-09-18 00:01:00+00:00,200000467,461579542,MT5_SIM,1.0,241.22,SELL,0.020,0.0,0.0,2.2400,USD
FILL,IN,AAPL,2025-09-20 00:00:00+00:00,200000469,461579542,MT5_SIM,1.0,248.31,BUY,0.020,0.0,0.0,0.0,USD
FILL,OUT,AAPL,2025-09-23 00:01:00+00:00,200000469,461579542,MT5_SIM,1.0,255.22,SELL,0.020,0.0,0.0,6.9100,USD
FILL,IN,AAPL,2025-09-25 00:00:00+00:00,200000471,461579542,MT5_SIM,1.0,253.22,BUY,0.020,0.0,0.0,0.0,USD
FILL,OUT,AAPL,2025-09-26 00:01:00+00:00,200000471,461579542,MT5_SIM,1.0,254.55,SELL,0.020,0.0,0.0,1.3300,USD
FILL,IN,AAPL,2025-09-30 00:00:00+00:00,200000473,461579542,MT5_SIM,1.0,254.87,BUY,0.020,0.0,0.0,0.0,USD
FILL,OUT,AAPL,2025-10-03 00:01:00+00:00,200000473,461579542,MT5_SIM,1.0,257.98,SELL,0.020,0.0,0.0,3.1100,USD
FILL,IN,AAPL,2025-10-08 00:00:00+00:00,200000475,461579542,MT5_SIM,1.0,256.52,BUY,0.020,0.0,0.0,0.0,USD
FILL,OUT,AAPL,2025-10-13 00:01:00+00:00,200000475,461579542,MT5_SIM,1.0,246.60,SELL,0.020,0.0,0.0,-9.9200,USD
FILL,IN,AAPL,2025-10-15 00:00:00+00:00,200000477,461579542,MT5_SIM,1.0,249.50,BUY,0.020,0.0,0.0,0.0,USD
FILL,OUT,AAPL,2025-10-21 00:01:00+00:00,200000477,461579542,MT5_SIM,1.0,262.64,SELL,0.020,0.0,0.0,13.1400,USD
FILL,IN,AAPL,2025-10-24 00:00:00+00:00,200000479,461579542,MT5_SIM,1.0,261.20,BUY,0.020,0.0,0.0,0.0,USD
FILL,OUT,AAPL,2025-11-28 00:01:00+00:00,200000479,461579542,MT5_SIM,1.0,278.01,SELL,0.020,0.0,0.0,16.8100,USD
FILL,IN,AAPL,2025-12-02 00:00:00+00:00,200000481,461579542,MT5_SIM,1.0,283.01,BUY,0.020,0.0,0.0,0.0,USD
FILL,OUT,AAPL,2025-12-08 00:01:00+00:00,200000481,461579542,MT5_SIM,1.0,278.16,SELL,0.020,0.0,0.0,-4.8500,USD
FILL,IN,AAPL,2025-12-30 00:00:00+00:00,200000483,461579542,MT5_SIM,1.0,272.81,BUY,0.020,0.0,0.0,0.0,USD
FILL,OUT,AAPL,2025-12-30 00:01:00+00:00,200000483,461579542,MT5_SIM,1.0,273.05,SELL,0.020,0.0,0.0,0.2400,USD
