DATETIME,BALANCE,EQUITY
2017-01-03,100000,100000.0
2017-01-04,100000,100000.0
2017-01-05,100000,100000.0
2017-01-06,100000,100000.0
2017-01-09,100000,100000.0
2017-01-10,100000,100000.0
2017-01-11,100000,100000.0
2017-01-12,100000,100000.0
2017-01-13,100000,100000.0
2017-01-17,100000,100000.0
2017-01-18,100000,100000.0
2017-01-19,100000,100000.0
2017-01-20,100000,100000.0
2017-01-23,100000,100000.0
2017-01-24,100000,100000.0
2017-01-25,100000,100000.0
2017-01-26,100000,100000.0
2017-01-27,100000,100000.0
2017-01-30,100000,100000.0
2017-01-31,100000,100000.0
2017-02-01,100000,100000.0
2017-02-02,100000,100000.0
2017-02-03,100000,100000.0
2017-02-06,100000,100000.0
2017-02-07,100000,100000.0
2017-02-08,100000,100000.0
2017-02-09,100000,100000.0
2017-02-10,100000,100000.0
2017-02-13,100000,100000.0
2017-02-14,100000,100000.0
2017-02-15,100000,100000.0
2017-02-16,100000,100000.0
2017-02-17,100000,100000.0
2017-02-21,100000,100000.0
2017-02-22,100000,100000.0
2017-02-23,100000,100000.0
2017-02-24,100000,100000.0
2017-02-27,100000,100000.0
2017-02-28,100000,100000.0
2017-03-01,100000,100000.0
2017-03-02,100000,100000.0
2017-03-03,100000,100000.0
2017-03-06,100000,100000.0
2017-03-07,100000,100000.0
2017-03-08,100000,100000.0
2017-03-09,100000,100000.0
2017-03-10,100000,100000.0
2017-03-13,100000,100000.0
2017-03-14,100000,100000.0
2017-03-15,100000,100000.0
2017-03-16,100000,100000.0
2017-03-17,100000,100000.0
2017-03-20,100000,100000.0
2017-03-21,100000,100000.0
2017-03-22,100000,100000.0
2017-03-23,100000,100000.0
2017-03-24,100000,100000.0
2017-03-27,100000,100000.0
2017-03-28,100000,100000.0
2017-03-29,100000,100000.0
2017-03-30,100000,100000.0
2017-03-31,100000,100000.0
2017-04-03,100000,100000.0
2017-04-04,100000,100000.0
2017-04-05,100000,100000.0
2017-04-06,100000,100000.0
2017-04-07,100000,100000.0
2017-04-10,100000,100000.0
2017-04-11,100000,100000.0
2017-04-12,100000,100000.0
2017-04-13,100000,100000.0
2017-04-17,100000,100000.0
2017-04-18,100000,100000.0
2017-04-19,100000,100000.0
2017-04-20,100000,100000.0
2017-04-21,100000,100000.0
2017-04-24,100000,100000.0
2017-04-25,100000,100000.0
2017-04-26,100000,100000.0
2017-04-27,100000,100000.0
2017-04-28,100000,100000.0
2017-05-01,100000,100000.0
2017-05-02,100000,100000.0
2017-05-03,100000,100000.0
2017-05-04,100000,100000.0
2017-05-05,100000,100000.0
2017-05-08,100000,100000.0
2017-05-09,100000,100000.0
2017-05-10,100000,100000.0
2017-05-11,100000,100000.0
2017-05-12,100000,100000.0
2017-05-15,100000,100000.0
2017-05-16,100000,100000.0
2017-05-17,100000,100000.0
2017-05-18,100000,100000.0
2017-05-19,100000,100000.0
2017-05-22,100000,100000.0
2017-05-23,100000,100000.0
2017-05-24,100000,100000.0
2017-05-25,100000,100000.0
2017-05-26,100000,100000.0
2017-05-30,100000,100000.0
2017-05-31,100000,100000.0
2017-06-01,100000,100000.0
2017-06-02,100000,100000.0
2017-06-05,100000,100000.0
2017-06-06,100000,100000.0
2017-06-07,100000,100000.0
2017-06-08,100000,100000.0
2017-06-09,100000,100000.0
2017-06-12,100000,100000.0
2017-06-13,100000,100000.0
2017-06-14,100000,100000.0
2017-06-15,100000,100000.0
2017-06-16,100000,100000.0
2017-06-19,100000,100000.0
2017-06-20,100000,100000.0
2017-06-21,100000,100000.0
2017-06-22,100000,100000.0
2017-06-23,100000,100000.0
2017-06-26,100000,100000.0
2017-06-27,100000,100000.0
2017-06-28,100000,100000.0
2017-06-29,100000,100000.0
2017-06-30,100000,100000.0
2017-07-03,100000,100000.0
2017-07-05,100000,100000.0
2017-07-06,100000,100000.0
2017-07-07,100000,100000.0
2017-07-10,100000,100000.0
2017-07-11,100000,100000.0
2017-07-12,100000,100000.0
2017-07-13,100000,100000.0
2017-07-14,99999.980,100000.2300
2017-07-17,100000.1600,100000.1600
2017-07-18,100000.1600,100000.1600
2017-07-19,100000.1600,100000.1600
2017-07-20,100000.1600,100000.1600
2017-07-21,100000.1600,100000.1600
2017-07-24,100000.1400,100000.5100
2017-07-25,100000.4200,100000.4200
2017-07-26,100000.4200,100000.4200
2017-07-27,100000.4200,100000.4200
2017-07-28,100000.4200,100000.4200
2017-07-31,100000.4000,100000.1000
2017-08-01,100000.4000,100000.4300
2017-08-02,100000.4000,100002.2000
2017-08-03,100002.1600,100002.1600
2017-08-04,100002.1600,100002.1600
2017-08-07,100002.1400,100002.5700
2017-08-08,100002.1400,100002.8900
2017-08-09,100002.1400,100003.1300
2017-08-10,100002.1400,100001.7000
2017-08-11,100002.1400,100002.2300
2017-08-14,100002.1400,100002.8300
2017-08-15,100002.1400,100003.2700
2017-08-16,100002.1400,100003.1000
2017-08-17,100002.1400,100002.3300
2017-08-18,100002.1400,100002.2400
2017-08-21,100002.1400,100002.1700
2017-08-22,100002.1400,100002.8100
2017-08-23,100002.1400,100002.8600
2017-08-24,100002.1400,100002.6800
2017-08-25,100002.1400,100002.8300
2017-08-28,100002.1400,100003.2300
2017-08-29,100002.1400,100003.5900
2017-08-30,100002.1400,100003.7000
2017-08-31,100002.1400,100003.8700
2017-09-01,100002.1400,100003.8800
2017-09-05,100002.1400,100003.3900
2017-09-06,100002.1400,100003.3400
2017-09-07,100002.1400,100003.1800
2017-09-08,100002.1400,100002.5200
2017-09-11,100002.1400,100003.2400
2017-09-12,100002.1400,100003.0800
2017-09-13,100002.8100,100002.8100
2017-09-14,100002.7900,100002.6000
2017-09-15,100002.7900,100003.0100
2017-09-18,100002.7900,100002.7000
2017-09-19,100002.8900,100002.8900
2017-09-20,100002.8700,100002.4000
2017-09-21,100002.8700,100001.7300
2017-09-22,100002.8700,100001.3600
2017-09-25,100002.8700,100001.0200
2017-09-26,100001.3100,100001.3100
2017-09-27,100001.2900,100001.3800
2017-09-28,100001.2800,100001.2800
2017-09-29,100001.2800,100001.2800
2017-10-02,100001.2600,100001.1400
2017-10-03,100001.1700,100001.1700
2017-10-04,100001.1500,100001.1000
2017-10-05,100001.2600,100001.2600
2017-10-06,100001.2400,100001.3100
2017-10-09,100001.4200,100001.4200
2017-10-10,100001.4200,100001.4200
2017-10-11,100001.4200,100001.4200
2017-10-12,100001.4000,100001.3100
2017-10-13,100001.4700,100001.4700
2017-10-16,100001.4500,100001.9400
2017-10-17,100001.4500,100002.0800
2017-10-18,100002.0500,100002.0500
2017-10-19,100002.0500,100002.0500
2017-10-20,100002.0300,100001.9300
2017-10-23,100002.0300,100001.9100
2017-10-24,100002.0300,100002.1400
2017-10-25,100002.0300,100001.9700
2017-10-26,100002.1500,100002.1500
2017-10-27,100002.1300,100003.0600
2017-10-30,100003.2500,100003.2500
2017-10-31,100003.2300,100003.5000
2017-11-01,100003.2300,100002.9700
2017-11-02,100003.2300,100003.2700
2017-11-03,100003.2300,100004.3700
2017-11-06,100003.2300,100004.8100
2017-11-07,100003.2300,100004.9500
2017-11-08,100004.8900,100004.8900
2017-11-09,100004.8900,100004.8900
2017-11-10,100004.8900,100004.8900
2017-11-13,100004.8900,100004.8900
2017-11-14,100004.8700,100004.4400
2017-11-15,100004.8700,100003.8800
2017-11-16,100004.8700,100004.3800
2017-11-17,100004.8700,100004.1400
2017-11-20,100004.8700,100004.1000
2017-11-21,100004.8700,100004.8900
2017-11-22,100004.8700,100005.3500
2017-11-24,100004.8700,100005.3500
2017-11-27,100004.8700,100005.1300
2017-11-28,100004.8700,100004.8700
2017-11-29,100004.8700,100003.9700
2017-11-30,100004.8700,100004.5700
2017-12-01,100004.8700,100004.3700
2017-12-04,100004.8700,100004.0600
2017-12-05,100004.8700,100004.0100
2017-12-06,100004.8700,100003.8600
2017-12-07,100003.8400,100003.8400
2017-12-08,100003.8400,100003.8400
2017-12-11,100003.8400,100003.8400
2017-12-12,100003.8200,100003.7000
2017-12-13,100003.8200,100003.8400
2017-12-14,100003.8200,100003.8300
2017-12-15,100003.8200,100004.2700
2017-12-18,100003.8200,100004.8800
2017-12-19,100004.5100,100004.5100
2017-12-20,100004.5100,100004.5100
2017-12-21,100004.4900,100004.6900
2017-12-22,100004.4900,100004.6900
2017-12-26,100003.6200,100003.6200
2017-12-27,100003.6200,100003.6200
2017-12-28,100003.6000,100003.6100
2017-12-29,100003.4500,100003.4500
2018-01-02,100003.4500,100003.4500
2018-01-03,100003.4300,100003.3400
2018-01-04,100003.4000,100003.4000
2018-01-05,100003.3800,100003.7600
2018-01-08,100003.5700,100003.5700
2018-01-09,100003.5700,100003.5700
2018-01-10,100003.5700,100003.5700
2018-01-11,100003.5500,100003.7100
2018-01-12,100003.9200,100003.9200
2018-01-16,100003.9200,100003.9200
2018-01-17,100003.9200,100003.9200
2018-01-18,100003.9000,100003.8600
2018-01-19,100003.6800,100003.6800
2018-01-22,100003.6600,100003.5800
2018-01-23,100003.6600,100003.5800
2018-01-24,100003.6600,100002.8800
2018-01-25,100003.6600,100002.1000
2018-01-26,100003.6600,100002.2000
2018-01-29,100003.6600,100001.3200
2018-01-30,100003.6600,100001.0700
2018-01-31,100003.6600,100001.1800
2018-02-01,100001.1000,100001.1000
2018-02-02,100001.1000,100001.1000
2018-02-05,100001.1000,100001.1000
2018-02-06,100001.1000,100001.1000
2018-02-07,100001.1000,100001.1000
2018-02-08,100001.1000,100001.1000
2018-02-09,100001.1000,100001.1000
2018-02-12,100001.1000,100001.1000
2018-02-13,100001.1000,100001.1000
2018-02-14,100001.1000,100001.1000
2018-02-15,100001.1000,100001.1000
2018-02-16,100001.1000,100001.1000
2018-02-20,100001.1000,100001.1000
2018-02-21,100001.1000,100001.1000
2018-02-22,100001.1000,100001.1000
2018-02-23,100001.1000,100001.1000
2018-02-26,100001.1000,100001.1000
2018-02-27,100001.1000,100001.1000
2018-02-28,100001.1000,100001.1000
2018-03-01,100001.1000,100001.1000
2018-03-02,100001.1000,100001.1000
2018-03-05,100001.1000,100001.1000
2018-03-06,100001.1000,100001.1000
2018-03-07,100001.1000,100001.1000
2018-03-08,100001.1000,100001.1000
2018-03-09,100001.1000,100001.1000
2018-03-12,100001.0800,100001.4300
2018-03-13,100001.6200,100001.6200
2018-03-14,100001.6200,100001.6200
2018-03-15,100001.6000,100001.6300
2018-03-16,100001.6000,100001.4700
2018-03-19,100001.2800,100001.2800
2018-03-20,100001.2600,100001.2500
2018-03-21,100001.2600,100000.2500
2018-03-22,99999.9200,99999.9200
2018-03-23,99999.9000,99999.0300
2018-03-26,99999.9000,100000.9900
2018-03-27,99999.9000,99999.8800
2018-03-28,99999.5900,99999.5900
2018-03-29,99999.5900,99999.5900
2018-04-02,99999.5700,99999.5700
2018-04-03,99999.5700,100000.0000
2018-04-04,99999.5700,100000.8100
2018-04-05,99999.5700,100001.1100
2018-04-06,100000.6300,100000.6300
2018-04-09,100000.6300,100000.6300
2018-04-10,100000.6300,100000.6300
2018-04-11,100000.6300,100000.6300
2018-04-12,100000.6300,100000.6300
2018-04-13,100000.6300,100000.6300
2018-04-16,100000.6300,100000.6300
2018-04-17,100000.6300,100000.6300
2018-04-18,100000.6300,100000.6300
2018-04-19,100000.6300,100000.6300
2018-04-20,100000.6300,100000.6300
2018-04-23,100000.6300,100000.6300
2018-04-24,100000.6300,100000.6300
2018-04-25,100000.6100,100000.8600
2018-04-26,100000.6100,100001.0000
2018-04-27,100000.6100,100000.5300
2018-04-30,100000.6100,100001.2600
2018-05-01,100000.6100,100002.2200
2018-05-02,100000.6100,100004.0900
2018-05-03,100000.6100,100004.1700
2018-05-04,100000.6100,100005.9000
2018-05-07,100000.6100,100006.2400
2018-05-08,100006.1700,100006.1700
2018-05-09,100006.1700,100006.1700
2018-05-10,100006.1700,100006.1700
2018-05-11,100006.1700,100006.1700
2018-05-14,100006.1700,100006.1700
2018-05-15,100006.1700,100006.1700
2018-05-16,100006.1700,100006.1700
2018-05-17,100006.1700,100006.1700
2018-05-18,100006.1700,100006.1700
2018-05-21,100006.1500,100006.0400
2018-05-22,100006.1500,100005.9300
2018-05-23,100006.1500,100006.2300
2018-05-24,100006.1500,100006.1700
2018-05-25,100006.1700,100006.1700
2018-05-29,100006.1500,100006.2100
2018-05-30,100006.1500,100006.1500
2018-05-31,100006.1500,100006.1500
2018-06-01,100006.1300,100006.6900
2018-06-04,100006.1300,100007.0800
2018-06-05,100007.3700,100007.3700
2018-06-06,100007.3700,100007.3700
2018-06-07,100007.3700,100007.3700
2018-06-08,100007.3700,100007.3700
2018-06-11,100007.3500,100007.3100
2018-06-12,100007.3300,100007.3300
2018-06-13,100007.3100,100006.8700
2018-06-14,100007.3100,100006.9000
2018-06-15,100007.3100,100006.4000
2018-06-18,100007.3100,100006.3800
2018-06-19,100007.3100,100005.6200
2018-06-20,100005.7600,100005.7600
2018-06-21,100005.7600,100005.7600
2018-06-22,100005.7600,100005.7600
2018-06-25,100005.7400,100005.4300
2018-06-26,100005.7400,100005.9900
2018-06-27,100005.7400,100005.9300
2018-06-28,100005.8900,100005.8900
2018-06-29,100005.8700,100005.5600
2018-07-02,100005.2200,100005.2200
2018-07-03,100005.2000,100004.2200
2018-07-05,100004.5400,100004.5400
2018-07-06,100004.5200,100005.1500
2018-07-09,100005.5100,100005.5100
2018-07-10,100005.5100,100005.5100
2018-07-11,100005.4900,100005.3300
2018-07-12,100005.4900,100006.1100
2018-07-13,100005.4900,100006.1900
2018-07-16,100006.2200,100006.2200
2018-07-17,100006.2200,100006.2200
2018-07-18,100006.2000,100005.8400
2018-07-19,100005.6500,100005.6500
2018-07-20,100005.6300,100005.5400
2018-07-23,100005.3200,100005.3200
2018-07-24,100005.3000,100005.4300
2018-07-25,100005.4200,100005.4200
2018-07-26,100005.4200,100005.4200
2018-07-27,100005.4200,100005.4200
2018-07-30,100005.4000,100004.8900
2018-07-31,100005.4000,100004.9900
2018-08-01,100005.4000,100007.7900
2018-08-02,100005.4000,100009.2600
2018-08-03,100005.4000,100009.4100
2018-08-06,100009.4000,100009.4000
2018-08-07,100009.3800,100008.8100
2018-08-08,100009.3800,100008.8500
2018-08-09,100009.3800,100009.2600
2018-08-10,100009.3800,100008.9200
2018-08-13,100009.3800,100009.2500
2018-08-14,100009.3800,100009.4700
2018-08-15,100009.3800,100009.6000
2018-08-16,100009.3800,100010.3700
2018-08-17,100009.3800,100011.4300
2018-08-20,100009.3800,100010.9000
2018-08-21,100011.2200,100011.2200
2018-08-22,100011.2000,100011.4300
2018-08-23,100011.2000,100011.5400
2018-08-24,100011.2000,100011.7100
2018-08-27,100011.2000,100012.1500
2018-08-28,100011.2000,100012.5900
2018-08-29,100012.6800,100012.6800
2018-08-30,100012.6800,100012.6800
2018-08-31,100012.6800,100012.6800
2018-09-04,100012.6600,100012.6400
2018-09-05,100012.7700,100012.7700
2018-09-06,100012.7500,100011.9600
2018-09-07,100012.7500,100011.5100
2018-09-10,100012.7500,100010.7700
2018-09-11,100012.7500,100012.1500
2018-09-12,100012.7500,100011.4500
2018-09-13,100012.7500,100012.7900
2018-09-14,100012.7500,100012.1400
2018-09-17,100012.7500,100010.6600
2018-09-18,100012.7500,100010.7500
2018-09-19,100012.7500,100010.7800
2018-09-20,100011.2300,100011.2300
2018-09-21,100011.2100,100010.4200
2018-09-24,100011.2100,100011.2000
2018-09-25,100011.2100,100011.5500
2018-09-26,100011.2400,100011.2400
2018-09-27,100011.2400,100011.2400
2018-09-28,100011.2200,100011.4500
2018-10-01,100011.2200,100011.8300
2018-10-02,100011.2200,100012.3300
2018-10-03,100011.2200,100013.0300
2018-10-04,100012.6900,100012.6900
2018-10-05,100012.6900,100012.6900
2018-10-08,100012.6700,100013.0500
2018-10-09,100012.6700,100013.8200
2018-10-10,100013.4500,100013.4500
2018-10-11,100013.4500,100013.4500
2018-10-12,100013.4500,100013.4500
2018-10-15,100013.4500,100013.4500
2018-10-16,100013.4500,100013.4500
2018-10-17,100013.4500,100013.4500
2018-10-18,100013.4500,100013.4500
2018-10-19,100013.4500,100013.4500
2018-10-22,100013.4500,100013.4500
2018-10-23,100013.4500,100013.4500
2018-10-24,100013.4500,100013.4500
2018-10-25,100013.4500,100013.4500
2018-10-26,100013.4500,100013.4500
2018-10-29,100013.4500,100013.4500
2018-10-30,100013.4500,100013.4500
2018-10-31,100013.4500,100013.4500
2018-11-01,100013.4500,100013.4500
2018-11-02,100013.4500,100013.4500
2018-11-05,100013.4500,100013.4500
2018-11-06,100013.4500,100013.4500
2018-11-07,100013.4500,100013.4500
2018-11-08,100013.4500,100013.4500
2018-11-09,100013.4500,100013.4500
2018-11-12,100013.4500,100013.4500
2018-11-13,100013.4500,100013.4500
2018-11-14,100013.4500,100013.4500
2018-11-15,100013.4500,100013.4500
2018-11-16,100013.4500,100013.4500
2018-11-19,100013.4500,100013.4500
2018-11-20,100013.4500,100013.4500
2018-11-21,100013.4500,100013.4500
2018-11-23,100013.4500,100013.4500
2018-11-26,100013.4500,100013.4500
2018-11-27,100013.4500,100013.4500
2018-11-28,100013.4500,100013.4500
2018-11-29,100013.4500,100013.4500
2018-11-30,100013.4500,100013.4500
2018-12-03,100013.4500,100013.4500
2018-12-04,100013.4500,100013.4500
2018-12-06,100013.4500,100013.4500
2018-12-07,100013.4500,100013.4500
2018-12-10,100013.4500,100013.4500
2018-12-11,100013.4500,100013.4500
2018-12-12,100013.4500,100013.4500
2018-12-13,100013.4300,100013.5300
2018-12-14,100013.4300,100012.1600
2018-12-17,100013.4300,100011.7800
2018-12-18,100013.4300,100012.3100
2018-12-19,100013.4300,100011.0200
2018-12-20,100013.4300,100010.0000
2018-12-21,100013.4300,100008.4800
2018-12-24,100013.4300,100007.5000
2018-12-26,100013.4300,100010.0900
2018-12-27,100013.4300,100009.8300
2018-12-28,100010.1500,100010.1500
2018-12-31,100010.1500,100010.1500
2019-01-02,100010.1500,100010.1500
2019-01-03,100010.1500,100010.1500
2019-01-04,100010.1500,100010.1500
2019-01-07,100010.1500,100010.1500
2019-01-08,100010.1500,100010.1500
2019-01-09,100010.1500,100010.1500
2019-01-10,100010.1500,100010.1500
2019-01-11,100010.1500,100010.1500
2019-01-14,100010.1500,100010.1500
2019-01-15,100010.1500,100010.1500
2019-01-16,100010.1500,100010.1500
2019-01-17,100010.1500,100010.1500
2019-01-18,100010.1500,100010.1500
2019-01-22,100010.1500,100010.1500
2019-01-23,100010.1500,100010.1500
2019-01-24,100010.1500,100010.1500
2019-01-25,100010.1500,100010.1500
2019-01-28,100010.1500,100010.1500
2019-01-29,100010.1500,100010.1500
2019-01-30,100010.1500,100010.1500
2019-01-31,100010.1500,100010.1500
2019-02-01,100010.1500,100010.1500
2019-02-04,100010.1300,100011.0800
2019-02-05,100010.1300,100011.8100
2019-02-06,100010.1300,100011.8300
2019-02-07,100010.1300,100011.0000
2019-02-08,100010.1300,100010.8700
2019-02-11,100010.1300,100010.6200
2019-02-12,100010.1300,100010.9900
2019-02-13,100010.1300,100010.8100
2019-02-14,100010.1300,100010.9700
2019-02-15,100010.1300,100010.8700
2019-02-19,100010.1300,100011.0000
2019-02-20,100010.1300,100011.2700
2019-02-21,100010.1300,100011.0300
2019-02-22,100010.1300,100011.5100
2019-02-25,100010.1300,100011.8200
2019-02-26,100010.1300,100011.8500
2019-02-27,100010.1300,100011.9800
2019-02-28,100010.1300,100011.5500
2019-03-01,100010.1300,100012.0100
2019-03-04,100010.1300,100012.2300
2019-03-05,100010.1300,100012.1500
2019-03-06,100010.1300,100011.9000
2019-03-07,100010.1300,100011.3900
2019-03-08,100010.1300,100011.4900
2019-03-11,100010.1300,100012.9900
2019-03-12,100010.1300,100013.4900
2019-03-13,100010.1300,100013.6900
2019-03-14,100010.1300,100014.2000
2019-03-15,100010.1300,100014.7900
2019-03-18,100010.1300,100015.2700
2019-03-19,100010.1300,100014.9000
2019-03-20,100010.1300,100015.3100
2019-03-21,100010.1300,100017.0400
2019-03-22,100010.1300,100016.0300
2019-03-25,100016.1200,100016.1200
2019-03-26,100016.1000,100014.8700
2019-03-27,100016.1000,100015.2900
2019-03-28,100016.1000,100015.3600
2019-03-29,100016.1000,100015.6600
2019-04-01,100016.1000,100015.9900
2019-04-02,100016.1000,100016.6800
2019-04-03,100016.1000,100017.0100
2019-04-04,100016.1000,100017.1000
2019-04-05,100017.2700,100017.2700
2019-04-08,100017.2700,100017.2700
2019-04-09,100017.2700,100017.2700
2019-04-10,100017.2700,100017.2700
2019-04-11,100017.2500,100016.7600
2019-04-12,100016.8000,100016.8000
2019-04-15,100016.7800,100016.9300
2019-04-16,100016.7800,100016.9400
2019-04-17,100016.7800,100017.9100
2019-04-18,100016.7800,100018.0900
2019-04-22,100017.8100,100017.8100
2019-04-23,100017.7900,100018.5400
2019-04-24,100017.7900,100018.4700
2019-04-25,100017.7900,100017.9900
2019-04-26,100017.7900,100017.7500
2019-04-29,100017.7900,100017.8300
2019-04-30,100017.7900,100016.8400
2019-05-01,100017.7900,100019.3100
2019-05-02,100017.7900,100018.9600
2019-05-03,100017.7900,100019.6100
2019-05-06,100017.7900,100018.7900
2019-05-07,100017.7900,100017.3900
2019-05-08,100017.7900,100017.4000
2019-05-09,100017.7900,100016.8600
2019-05-10,100016.0100,100016.0100
2019-05-13,100016.0100,100016.0100
2019-05-14,100015.9900,100016.5400
2019-05-15,100015.9900,100017.1000
2019-05-16,100016.8300,100016.8300
2019-05-17,100016.8300,100016.8300
2019-05-20,100016.8300,100016.8300
2019-05-21,100016.8300,100016.8300
2019-05-22,100016.8100,100016.3300
2019-05-23,100015.5700,100015.5700
2019-05-24,100015.5500,100015.2400
2019-05-28,100015.5500,100015.0500
2019-05-29,100015.5500,100014.8400
2019-05-30,100015.5500,100015.0700
2019-05-31,100015.5500,100014.2600
2019-06-03,100015.5500,100013.8200
2019-06-04,100015.5500,100015.4000
2019-06-05,100015.5500,100016.1300
2019-06-06,100015.5500,100016.8000
2019-06-07,100015.5500,100018.0300
2019-06-10,100018.4300,100018.4300
2019-06-11,100018.4100,100018.3900
2019-06-12,100018.4100,100018.2300
2019-06-13,100018.4100,100018.2200
2019-06-14,100018.4100,100017.8700
2019-06-17,100018.4100,100018.1600
2019-06-18,100018.4100,100019.3000
2019-06-19,100018.4100,100019.1500
2019-06-20,100019.7600,100019.7600
2019-06-21,100019.7400,100019.7200
2019-06-24,100019.7400,100019.6700
2019-06-25,100019.7400,100018.9200
2019-06-26,100019.4500,100019.4500
2019-06-27,100019.4300,100019.2800
2019-06-28,100018.9900,100018.9900
2019-07-01,100018.9700,100018.5500
2019-07-02,100018.9700,100018.8500
2019-07-03,100018.9700,100019.2700
2019-07-05,100018.9800,100018.9800
2019-07-08,100018.9800,100018.9800
2019-07-09,100018.9800,100018.9800
2019-07-10,100018.9600,100019.2900
2019-07-11,100018.9600,100018.9200
2019-07-12,100019.0800,100019.0800
2019-07-15,100019.0600,100019.3300
2019-07-16,100019.1500,100019.1500
2019-07-17,100019.1300,100018.9400
2019-07-18,100019.1300,100019.5200
2019-07-19,100019.1300,100018.7500
2019-07-22,100019.0000,100019.0000
2019-07-23,100018.9800,100019.0600
2019-07-24,100018.7500,100018.7500
2019-07-25,100018.7300,100018.2500
2019-07-26,100018.7300,100018.4300
2019-07-29,100018.7300,100018.9100
2019-07-30,100018.6600,100018.6600
2019-07-31,100018.6600,100018.6600
2019-08-01,100018.6600,100018.6600
2019-08-02,100018.6400,100018.2500
2019-08-05,100018.6400,100015.5800
2019-08-06,100018.6400,100016.5000
2019-08-07,100018.6400,100017.0000
2019-08-08,100017.2700,100017.2700
2019-08-09,100017.2700,100017.2700
2019-08-12,100017.2700,100017.2700
2019-08-13,100017.2700,100017.2700
2019-08-14,100017.2700,100017.2700
2019-08-15,100017.2700,100017.2700
2019-08-16,100017.2700,100017.2700
2019-08-19,100017.2700,100017.2700
2019-08-20,100017.2700,100017.2700
2019-08-21,100017.2700,100017.2700
2019-08-22,100017.2700,100017.2700
2019-08-23,100017.2700,100017.2700
2019-08-26,100017.2700,100017.2700
2019-08-27,100017.2700,100017.2700
2019-08-28,100017.2700,100017.2700
2019-08-29,100017.2700,100017.2700
2019-08-30,100017.2700,100017.2700
2019-09-03,100017.2700,100017.2700
2019-09-04,100017.2500,100017.4400
2019-09-05,100017.2500,100018.4600
2019-09-06,100017.2500,100018.4600
2019-09-09,100017.2500,100018.6900
2019-09-10,100017.2500,100019.3200
2019-09-11,100017.2500,100021.0400
2019-09-12,100017.2500,100020.9200
2019-09-13,100020.1300,100020.1300
2019-09-16,100020.1100,100020.6400
2019-09-17,100020.1100,100020.8400
2019-09-18,100020.1100,100021.3600
2019-09-19,100020.1100,100020.9100
2019-09-20,100020.1100,100020.1000
2019-09-23,100020.1100,100020.3500
2019-09-24,100020.1100,100020.0800
2019-09-25,100020.1100,100020.9200
2019-09-26,100020.1100,100020.6400
2019-09-27,100020.1100,100020.3700
2019-09-30,100020.1100,100021.6600
2019-10-01,100020.1100,100021.8100
2019-10-02,100020.1100,100020.4100
2019-10-03,100020.1100,100020.8700
2019-10-04,100020.1100,100022.4200
2019-10-07,100022.2100,100022.2100
2019-10-08,100022.1900,100021.8200
2019-10-09,100022.1900,100022.4800
2019-10-10,100022.1900,100023.2500
2019-10-11,100022.1900,100024.7800
2019-10-14,100022.1900,100024.6900
2019-10-15,100022.1900,100024.5600
2019-10-16,100022.1900,100024.3200
2019-10-17,100022.1900,100024.5400
2019-10-18,100022.1900,100024.8300
2019-10-21,100022.1900,100025.8500
2019-10-22,100022.1900,100025.7200
2019-10-23,100022.1900,100026.5200
2019-10-24,100022.1900,100026.6200
2019-10-25,100022.1900,100027.3700
2019-10-28,100022.1900,100027.9900
2019-10-29,100027.9500,100027.9500
2019-10-30,100027.9500,100027.9500
2019-10-31,100027.9300,100028.2900
2019-11-01,100027.9300,100030.0600
2019-11-04,100030.4200,100030.4200
2019-11-05,100030.4200,100030.4200
2019-11-06,100030.4200,100030.4200
2019-11-07,100030.4200,100030.4200
2019-11-08,100030.4200,100030.4200
2019-11-11,100030.4200,100030.4200
2019-11-12,100030.4200,100030.4200
2019-11-13,100030.4200,100030.4200
2019-11-14,100030.4200,100030.4200
2019-11-15,100030.4200,100030.4200
2019-11-18,100030.4000,100030.7200
2019-11-19,100030.9000,100030.9000
2019-11-20,100030.9000,100030.9000
2019-11-21,100030.8800,100030.4500
2019-11-22,100030.8800,100030.3900
2019-11-25,100030.8800,100031.5400
2019-11-26,100030.8800,100031.0200
2019-11-27,100030.8800,100031.9000
2019-11-29,100030.8800,100031.7600
2019-12-02,100030.8800,100030.9900
2019-12-03,100030.8800,100029.8100
2019-12-04,100030.8800,100030.3800
2019-12-05,100030.8800,100031.3400
2019-12-06,100030.8800,100032.6200
2019-12-09,100030.8800,100031.6800
2019-12-10,100030.8800,100032.0700
2019-12-11,100030.8800,100032.6400
2019-12-12,100030.8800,100032.8100
2019-12-13,100032.7900,100032.7900
2019-12-16,100032.7900,100032.7900
2019-12-17,100032.7900,100032.7900
2019-12-18,100032.7700,100032.7500
2019-12-19,100032.7700,100032.8200
2019-12-20,100032.7700,100032.6800
2019-12-23,100032.7700,100033.8200
2019-12-24,100032.7700,100033.8800
2019-12-26,100032.7700,100035.2900
2019-12-27,100032.7700,100035.2600
2019-12-30,100032.7700,100035.6900
2019-12-31,100032.7700,100036.2300
2020-01-02,100032.7700,100037.9000
2020-01-03,100037.0800,100037.0800
2020-01-06,100037.0800,100037.0800
2020-01-07,100037.0800,100037.0800
2020-01-08,100037.0800,100037.0800
2020-01-09,100037.0600,100037.6500
2020-01-10,100037.8800,100037.8800
2020-01-13,100037.8800,100037.8800
2020-01-14,100037.8600,100036.8400
2020-01-15,100036.6200,100036.6200
2020-01-16,100036.6000,100037.0000
2020-01-17,100036.6000,100037.8800
2020-01-21,100037.4700,100037.4700
2020-01-22,100037.4700,100037.4700
2020-01-23,100037.4500,100037.7600
2020-01-24,100037.4500,100037.5300
2020-01-27,100035.4500,100035.4500
2020-01-28,100035.4300,100036.6900
2020-01-29,100035.4300,100038.3500
2020-01-30,100035.4300,100038.2300
2020-01-31,100035.4300,100034.6400
2020-02-03,100033.3200,100033.3200
2020-02-04,100033.3200,100033.3200
2020-02-05,100033.3200,100033.3200
2020-02-06,100033.3200,100033.3200
2020-02-07,100033.3200,100033.3200
2020-02-10,100033.3200,100033.3200
2020-02-11,100033.3200,100033.3200
2020-02-12,100033.3200,100033.3200
2020-02-13,100033.3200,100033.3200
2020-02-14,100033.3200,100033.3200
2020-02-18,100033.3200,100033.3200
2020-02-19,100033.3200,100033.3200
2020-02-20,100033.3200,100033.3200
2020-02-21,100033.3200,100033.3200
2020-02-24,100033.3200,100033.3200
2020-02-25,100033.3200,100033.3200
2020-02-26,100033.3200,100033.3200
2020-02-27,100033.3200,100033.3200
2020-02-28,100033.3200,100033.3200
2020-03-02,100033.3200,100033.3200
2020-03-03,100033.3200,100033.3200
2020-03-04,100033.3200,100033.3200
2020-03-05,100033.3200,100033.3200
2020-03-06,100033.3200,100033.3200
2020-03-09,100033.3200,100033.3200
2020-03-10,100033.3200,100033.3200
2020-03-11,100033.3200,100033.3200
2020-03-12,100033.3200,100033.3200
2020-03-13,100033.3200,100033.3200
2020-03-16,100033.3200,100033.3200
2020-03-17,100033.3200,100033.3200
2020-03-18,100033.3200,100033.3200
2020-03-19,100033.3200,100033.3200
2020-03-20,100033.3200,100033.3200
2020-03-23,100033.3200,100033.3200
2020-03-24,100033.3200,100033.3200
2020-03-25,100033.3200,100033.3200
2020-03-26,100033.3200,100033.3200
2020-03-27,100033.3200,100033.3200
2020-03-30,100033.3200,100033.3200
2020-03-31,100033.3200,100033.3200
2020-04-01,100033.3200,100033.3200
2020-04-02,100033.3200,100033.3200
2020-04-03,100033.3200,100033.3200
2020-04-06,100033.3200,100033.3200
2020-04-07,100033.3200,100033.3200
2020-04-08,100033.3200,100033.3200
2020-04-09,100033.3200,100033.3200
2020-04-13,100033.3200,100033.3200
2020-04-14,100033.3200,100033.3200
2020-04-15,100033.3000,100033.8000
2020-04-16,100034.5200,100034.5200
2020-04-17,100034.5200,100034.5200
2020-04-20,100034.5200,100034.5200
2020-04-21,100034.5200,100034.5200
2020-04-22,100034.5000,100035.1100
2020-04-23,100034.5000,100034.8400
2020-04-24,100034.5000,100036.8300
2020-04-27,100034.5000,100036.8800
2020-04-28,100037.3300,100037.3300
2020-04-29,100037.3300,100037.3300
2020-04-30,100037.3100,100038.2600
2020-05-01,100036.3600,100036.3600
2020-05-04,100036.3600,100036.3600
2020-05-05,100036.3400,100036.9500
2020-05-06,100036.3400,100037.7200
2020-05-07,100038.3500,100038.3500
2020-05-08,100038.3500,100038.3500
2020-05-11,100038.3500,100038.3500
2020-05-12,100038.3500,100038.3500
2020-05-13,100038.3500,100038.3500
2020-05-14,100038.3300,100039.5800
2020-05-15,100038.3300,100039.1200
2020-05-18,100038.3300,100040.9300
2020-05-19,100040.9300,100040.9300
2020-05-20,100040.9300,100040.9300
2020-05-21,100040.9100,100040.4500
2020-05-22,100040.1600,100040.1600
2020-05-26,100040.1400,100038.4400
2020-05-27,100038.2700,100038.2700
2020-05-28,100038.2500,100038.6100
2020-05-29,100038.2500,100038.5300
2020-06-01,100038.2500,100039.5100
2020-06-02,100038.2500,100039.8800
2020-06-03,100040.1900,100040.1900
2020-06-04,100040.1900,100040.1900
2020-06-05,100040.1900,100040.1900
2020-06-08,100040.1700,100040.9600
2020-06-09,100040.6100,100040.6100
2020-06-10,100040.6100,100040.6100
2020-06-11,100040.6100,100040.6100
2020-06-12,100040.6100,100040.6100
2020-06-15,100040.5900,100043.0100
2020-06-16,100040.5900,100045.2800
2020-06-17,100040.5900,100045.1600
2020-06-18,100045.1000,100045.1000
2020-06-19,100045.0800,100043.8400
2020-06-22,100044.2200,100044.2200
2020-06-23,100044.2000,100044.8200
2020-06-24,100044.4200,100044.4200
2020-06-25,100044.4200,100044.4200
2020-06-26,100044.4000,100041.6900
2020-06-29,100044.4000,100043.7300
2020-06-30,100044.4000,100044.4800
2020-07-01,100044.4000,100044.3100
2020-07-02,100044.4000,100044.3100
2020-07-06,100044.4000,100046.7500
2020-07-07,100044.4000,100046.4600
2020-07-08,100047.4500,100047.4500
2020-07-09,100047.4300,100046.9100
2020-07-10,100046.4700,100046.4700
2020-07-13,100046.4500,100044.6500
2020-07-14,100043.9900,100043.9900
2020-07-15,100043.9700,100042.7000
2020-07-16,100043.9700,100041.5000
2020-07-17,100043.9700,100041.3000
2020-07-20,100043.9700,100043.3300
2020-07-21,100043.9700,100041.9800
2020-07-22,100043.9700,100042.2500
2020-07-23,100043.9700,100037.8200
2020-07-24,100043.9700,100037.5900
2020-07-27,100043.9700,100039.7800
2020-07-28,100039.3200,100039.3200
2020-07-29,100039.3000,100040.5800
2020-07-30,100039.3000,100041.7300
2020-07-31,100039.3000,100051.8000
2020-08-03,100039.3000,100054.4700
2020-08-04,100054.6500,100054.6500
2020-08-05,100054.6300,100055.3100
2020-08-06,100055.6300,100055.6300
2020-08-07,100055.6300,100055.6300
2020-08-10,100055.6300,100055.6300
2020-08-11,100055.6100,100053.0000
2020-08-12,100054.1000,100054.1000
2020-08-13,100054.1000,100054.1000
2020-08-14,100054.1000,100054.1000
2020-08-17,100054.1000,100054.1000
2020-08-18,100054.1000,100054.1000
2020-08-19,100054.0800,100053.7900
2020-08-20,100053.8200,100053.8200
2020-08-21,100053.8000,100058.9000
2020-08-24,100063.2000,100063.2000
2020-08-25,100063.2000,100063.2000
2020-08-26,100063.2000,100063.2000
2020-08-27,100063.1800,100061.0400
2020-08-28,100062.0200,100062.0200
2020-08-31,100062.0000,100063.4400
2020-09-01,100062.0000,100068.5800
2020-09-02,100071.9700,100071.9700
2020-09-03,100071.9700,100071.9700
2020-09-04,100071.9700,100071.9700
2020-09-08,100071.9700,100071.9700
2020-09-09,100071.9700,100071.9700
2020-09-10,100071.9700,100071.9700
2020-09-11,100071.9700,100071.9700
2020-09-14,100071.9700,100071.9700
2020-09-15,100071.9700,100071.9700
2020-09-16,100071.9700,100071.9700
2020-09-17,100071.9700,100071.9700
2020-09-18,100071.9700,100071.9700
2020-09-21,100071.9700,100071.9700
2020-09-22,100071.9700,100071.9700
2020-09-23,100071.9700,100071.9700
2020-09-24,100071.9700,100071.9700
2020-09-25,100071.9700,100071.9700
2020-09-28,100071.9700,100071.9700
2020-09-29,100071.9700,100071.9700
2020-09-30,100071.9700,100071.9700
2020-10-01,100071.9700,100071.9700
2020-10-02,100071.9700,100071.9700
2020-10-05,100071.9500,100074.5300
2020-10-06,100071.9500,100071.1900
2020-10-07,100071.9500,100073.1100
2020-10-08,100071.9500,100073.0000
2020-10-09,100071.9500,100075.0000
2020-10-12,100071.9500,100082.4300
2020-10-13,100071.9500,100079.1200
2020-10-14,100079.0100,100079.0100
2020-10-15,100078.9900,100080.9600
2020-10-16,100078.9900,100079.2700
2020-10-19,100080.1900,100080.1900
2020-10-20,100080.1900,100080.1900
2020-10-21,100080.1700,100080.3700
2020-10-22,100080.1700,100079.2500
2020-10-23,100080.1700,100078.5400
2020-10-26,100080.1700,100078.5500
2020-10-27,100080.1700,100080.0900
2020-10-28,100080.1700,100074.6900
2020-10-29,100080.1700,100078.8100
2020-10-30,100074.5300,100074.5300
2020-11-02,100074.5100,100074.1500
2020-11-03,100075.0300,100075.0300
2020-11-04,100075.0300,100075.0300
2020-11-05,100075.0300,100075.0300
2020-11-06,100075.0300,100075.0300
2020-11-09,100075.0100,100070.8100
2020-11-10,100075.0100,100070.4700
2020-11-11,100071.6700,100071.6700
2020-11-12,100071.6700,100071.6700
2020-11-13,100071.6500,100071.4600
2020-11-16,100071.6500,100072.5000
2020-11-17,100071.6500,100071.5800
2020-11-18,100071.6500,100070.2200
2020-11-19,100071.6500,100070.8300
2020-11-20,100071.6500,100069.5300
2020-11-23,100071.6500,100066.0400
2020-11-24,100071.6500,100067.3600
2020-11-25,100071.6500,100068.2200
2020-11-27,100068.7400,100068.7400
2020-11-30,100068.7400,100068.7400
2020-12-01,100068.7400,100068.7400
2020-12-02,100068.7200,100069.7800
2020-12-03,100068.7200,100069.6400
2020-12-04,100069.2700,100069.2700
2020-12-07,100069.2700,100069.2700
2020-12-08,100069.2500,100069.2400
2020-12-09,100069.3700,100069.3700
2020-12-10,100069.3700,100069.3700
2020-12-11,100069.3500,100069.3200
2020-12-14,100069.3500,100068.6800
2020-12-15,100069.3500,100074.7800
2020-12-16,100069.3500,100074.7100
2020-12-17,100069.3500,100075.6000
2020-12-18,100069.3500,100073.5700
2020-12-21,100069.3500,100075.1300
2020-12-22,100069.3500,100078.7900
2020-12-23,100069.3500,100077.8700
2020-12-24,100069.3500,100078.8800
2020-12-28,100069.3500,100083.6000
2020-12-29,100069.3500,100081.7700
2020-12-30,100082.4700,100082.4700
2020-12-31,100082.4500,100081.0500
2021-01-04,100081.8600,100081.8600
2021-01-05,100081.8600,100081.8600
2021-01-06,100081.8600,100081.8600
2021-01-07,100081.8600,100081.8600
2021-01-08,100081.8400,100081.4600
2021-01-11,100081.8400,100078.3800
2021-01-12,100081.8400,100078.2100
2021-01-13,100081.8400,100080.2900
2021-01-14,100080.1900,100080.1900
2021-01-15,100080.1900,100080.1900
2021-01-19,100080.1700,100080.2200
2021-01-20,100080.1700,100084.4100
2021-01-21,100086.1700,100086.1700
2021-01-22,100086.1500,100088.9400
2021-01-25,100086.1500,100092.7800
2021-01-26,100093.4500,100093.4500
2021-01-27,100093.4500,100093.4500
2021-01-28,100093.4500,100093.4500
2021-01-29,100093.4300,100089.5500
2021-02-01,100093.4300,100091.7200
2021-02-02,100093.2900,100093.2900
2021-02-03,100093.2900,100093.2900
2021-02-04,100093.2900,100093.2900
2021-02-05,100093.2900,100093.2900
2021-02-08,100093.2900,100093.2900
2021-02-09,100093.2900,100093.2900
2021-02-10,100093.2900,100093.2900
2021-02-11,100093.2900,100093.2900
2021-02-12,100093.2900,100093.2900
2021-02-16,100093.2700,100090.9600
2021-02-17,100089.0000,100089.0000
2021-02-18,100088.9800,100089.4900
2021-02-19,100088.9800,100089.6400
2021-02-22,100087.7600,100087.7600
2021-02-23,100087.7400,100089.8300
2021-02-24,100088.8900,100088.8900
2021-02-25,100088.8900,100088.8900
2021-02-26,100088.8900,100088.8900
2021-03-01,100088.8700,100092.9000
2021-03-02,100088.8700,100090.2300
2021-03-03,100089.8900,100089.8900
2021-03-04,100089.8900,100089.8900
2021-03-05,100089.8700,100090.2900
2021-03-08,100089.8700,100085.2400
2021-03-09,100089.8700,100089.9600
2021-03-10,100089.8700,100088.8600
2021-03-11,100089.8700,100090.8300
2021-03-12,100089.8700,100089.9000
2021-03-15,100089.8700,100092.8600
2021-03-16,100089.8700,100094.4400
2021-03-17,100092.9100,100092.9100
2021-03-18,100092.9100,100092.9100
2021-03-19,100092.9100,100092.9100
2021-03-22,100092.9100,100092.9100
2021-03-23,100092.9100,100092.9100
2021-03-24,100092.9100,100092.9100
2021-03-25,100092.9100,100092.9100
2021-03-26,100092.8900,100093.7400
2021-03-29,100092.8900,100093.9200
2021-03-30,100092.8900,100092.4400
2021-03-31,100092.8900,100094.6900
2021-04-01,100092.8900,100095.5400
2021-04-05,100092.8900,100098.4400
2021-04-06,100092.8900,100098.7400
2021-04-07,100098.3500,100098.3500
2021-04-08,100098.3300,100099.7400
2021-04-09,100098.3300,100102.3800
2021-04-12,100098.3300,100100.6200
2021-04-13,100101.8000,100101.8000
2021-04-14,100101.7800,100098.8500
2021-04-15,100100.6300,100100.6300
2021-04-16,100100.6100,100100.4600
2021-04-19,100099.7800,100099.7800
2021-04-20,100099.7600,100097.8400
2021-04-21,100099.7600,100098.2300
2021-04-22,100099.7600,100096.6700
2021-04-23,100099.7600,100099.0500
2021-04-26,100099.7600,100099.4500
2021-04-27,100099.7600,100099.1100
2021-04-28,100099.7600,100098.3100
2021-04-29,100099.7600,100098.2000
2021-04-30,100099.7600,100096.1900
2021-05-03,100099.7600,100097.2600
2021-05-04,100099.7600,100092.5700
2021-05-05,100099.7600,100092.8300
2021-05-06,100099.7600,100094.4700
2021-05-07,100099.7600,100094.9400
2021-05-10,100099.7600,100091.5700
2021-05-11,100099.7600,100090.6400
2021-05-12,100099.7600,100087.4900
2021-05-13,100099.7600,100089.7000
2021-05-14,100099.7600,100092.1700
2021-05-17,100099.7600,100090.9900
2021-05-18,100099.7600,100089.5700
2021-05-19,100099.7600,100089.4200
2021-05-20,100099.7600,100092.0300
2021-05-21,100099.7600,100090.1600
2021-05-24,100099.7600,100091.8200
2021-05-25,100099.7600,100091.6300
2021-05-26,100099.7600,100091.5700
2021-05-27,100099.7600,100090.0000
2021-05-28,100099.7600,100089.3400
2021-06-01,100099.7600,100089.0000
2021-06-02,100099.7600,100089.7800
2021-06-03,100099.7600,100088.2700
2021-06-04,100099.7600,100090.6100
2021-06-07,100099.7600,100090.6300
2021-06-08,100099.7600,100091.4600
2021-06-09,100099.7600,100091.8500
2021-06-10,100099.7600,100090.8400
2021-06-11,100099.7600,100092.0700
2021-06-14,100099.7600,100095.2000
2021-06-15,100094.6500,100094.6500
2021-06-16,100094.6500,100094.6500
2021-06-17,100094.6300,100096.6000
2021-06-18,100094.6300,100095.2800
2021-06-21,100095.1000,100095.1000
2021-06-22,100095.0800,100096.9100
2021-06-23,100096.6900,100096.6900
2021-06-24,100096.6900,100096.6900
2021-06-25,100096.6700,100096.3100
2021-06-28,100096.6700,100097.9700
2021-06-29,100096.6700,100099.5300
2021-06-30,100096.6700,100100.1600
2021-07-01,100096.6700,100100.4700
2021-07-02,100096.6700,100103.1600
2021-07-06,100096.6700,100105.2200
2021-07-07,100096.6700,100107.7700
2021-07-08,100104.7600,100104.7600
2021-07-09,100104.7600,100104.7600
2021-07-12,100104.7600,100104.7600
2021-07-13,100104.7600,100104.7600
2021-07-14,100104.7600,100104.7600
2021-07-15,100104.7600,100104.7600
2021-07-16,100104.7600,100104.7600
2021-07-19,100104.7600,100104.7600
2021-07-20,100104.7400,100107.4100
2021-07-21,100104.7400,100106.6600
2021-07-22,100104.7400,100108.0700
2021-07-23,100104.7400,100109.8200
2021-07-26,100104.7400,100110.2600
2021-07-27,100110.3600,100110.3600
2021-07-28,100110.3600,100110.3600
2021-07-29,100110.3400,100111.2700
2021-07-30,100110.3400,100111.5000
2021-08-02,100110.3400,100111.1600
2021-08-03,100110.3400,100113.0000
2021-08-04,100110.3400,100112.5800
2021-08-05,100110.3400,100112.6900
2021-08-06,100110.3400,100111.7700
2021-08-09,100110.3400,100111.7200
2021-08-10,100110.3400,100111.2400
2021-08-11,100110.3400,100111.5000
2021-08-12,100110.3400,100114.5200
2021-08-13,100110.3400,100114.7400
2021-08-16,100114.1500,100114.1500
2021-08-17,100114.1500,100114.1500
2021-08-18,100114.1500,100114.1500
2021-08-19,100114.1300,100115.7900
2021-08-20,100114.1300,100117.2900
2021-08-23,100117.3800,100117.3800
2021-08-24,100117.3800,100117.3800
2021-08-25,100117.3800,100117.3800
2021-08-26,100117.3600,100116.5300
2021-08-27,100117.3600,100117.6000
2021-08-30,100117.3600,100122.1100
2021-08-31,100121.6400,100121.6400
2021-09-01,100121.6400,100121.6400
2021-09-02,100121.6200,100121.3900
2021-09-03,100121.6200,100122.0500
2021-09-07,100121.6200,100124.4400
2021-09-08,100124.7000,100124.7000
2021-09-09,100124.7000,100124.7000
2021-09-10,100124.6800,100118.6400
2021-09-13,100124.6800,100119.2200
2021-09-14,100120.0000,100120.0000
2021-09-15,100119.9800,100120.4400
2021-09-16,100119.9800,100120.2000
2021-09-17,100120.2200,100120.2200
2021-09-20,100120.2200,100120.2200
2021-09-21,100120.2200,100120.2200
2021-09-22,100120.2200,100120.2200
2021-09-23,100120.2200,100120.2200
2021-09-24,100120.2200,100120.2200
2021-09-27,100120.2200,100120.2200
2021-09-28,100120.2200,100120.2200
2021-09-29,100120.2000,100120.5500
2021-09-30,100120.2000,100119.2200
2021-10-01,100119.5900,100119.5900
2021-10-04,100119.5700,100116.9400
2021-10-05,100117.2800,100117.2800
2021-10-06,100117.2600,100119.7800
2021-10-07,100120.8100,100120.8100
2021-10-08,100120.8100,100120.8100
2021-10-11,100120.8100,100120.8100
2021-10-12,100120.7900,100119.0600
2021-10-13,100118.7800,100118.7800
2021-10-14,100118.7600,100120.3900
2021-10-15,100118.7600,100121.4700
2021-10-18,100120.0600,100120.0600
2021-10-19,100120.0400,100121.7800
2021-10-20,100121.7000,100121.7000
2021-10-21,100121.7000,100121.7000
2021-10-22,100121.7000,100121.7000
2021-10-25,100121.7000,100121.7000
2021-10-26,100121.7000,100121.7000
2021-10-27,100121.7000,100121.7000
2021-10-28,100121.7000,100121.7000
2021-10-29,100121.7000,100121.7000
2021-11-01,100121.6800,100121.6400
2021-11-02,100121.6800,100122.7000
2021-11-03,100121.6800,100124.1700
2021-11-04,100121.6800,100123.6400
2021-11-05,100121.6800,100123.9500
2021-11-08,100121.6800,100123.1200
2021-11-09,100121.6800,100123.4800
2021-11-10,100121.6800,100120.5900
2021-11-11,100121.6800,100120.5400
2021-11-12,100121.6800,100122.6700
2021-11-15,100121.6800,100122.6800
2021-11-16,100122.6000,100122.6000
2021-11-17,100122.5800,100125.0600
2021-11-18,100122.5800,100129.4300
2021-11-19,100122.5800,100132.1200
2021-11-22,100122.5800,100132.5900
2021-11-23,100132.6600,100132.6600
2021-11-24,100132.6400,100133.8200
2021-11-26,100132.6400,100128.6800
2021-11-29,100132.6400,100132.1200
2021-11-30,100131.8500,100131.8500
2021-12-01,100131.8500,100131.8500
2021-12-02,100131.8500,100131.8500
2021-12-03,100131.8500,100131.8500
2021-12-06,100131.8500,100131.8500
2021-12-07,100131.8500,100131.8500
2021-12-08,100131.8500,100131.8500
2021-12-09,100131.8500,100131.8500
2021-12-10,100131.8500,100131.8500
2021-12-13,100131.8500,100131.8500
2021-12-14,100131.8500,100131.8500
2021-12-15,100131.8500,100131.8500
2021-12-16,100131.8500,100131.8500
2021-12-17,100131.8500,100131.8500
2021-12-20,100131.8500,100131.8500
2021-12-21,100131.8500,100131.8500
2021-12-22,100131.8500,100131.8500
2021-12-23,100131.8500,100131.8500
2021-12-27,100131.8500,100131.8500
2021-12-28,100131.8500,100131.8500
2021-12-29,100131.8500,100131.8500
2021-12-30,100131.8500,100131.8500
2021-12-31,100131.8500,100131.8500
2022-01-03,100131.8500,100131.8500
2022-01-04,100131.8500,100131.8500
2022-01-05,100131.8500,100131.8500
2022-01-06,100131.8500,100131.8500
2022-01-07,100131.8500,100131.8500
2022-01-10,100131.8500,100131.8500
2022-01-11,100131.8500,100131.8500
2022-01-12,100131.8500,100131.8500
2022-01-13,100131.8500,100131.8500
2022-01-14,100131.8300,100133.5600
2022-01-18,100131.9700,100131.9700
2022-01-19,100131.9700,100131.9700
2022-01-20,100131.9700,100131.9700
2022-01-21,100131.9700,100131.9700
2022-01-24,100131.9700,100131.9700
2022-01-25,100131.9700,100131.9700
2022-01-26,100131.9700,100131.9700
2022-01-27,100131.9700,100131.9700
2022-01-28,100131.9700,100131.9700
2022-01-31,100131.9700,100131.9700
2022-02-01,100131.9700,100131.9700
2022-02-02,100131.9700,100131.9700
2022-02-03,100131.9700,100131.9700
2022-02-04,100131.9700,100131.9700
2022-02-07,100131.9700,100131.9700
2022-02-08,100131.9700,100131.9700
2022-02-09,100131.9700,100131.9700
2022-02-10,100131.9700,100131.9700
2022-02-11,100131.9700,100131.9700
2022-02-14,100131.9700,100131.9700
2022-02-15,100131.9700,100131.9700
2022-02-16,100131.9700,100131.9700
2022-02-17,100131.9700,100131.9700
2022-02-18,100131.9700,100131.9700
2022-02-22,100131.9700,100131.9700
2022-02-23,100131.9700,100131.9700
2022-02-24,100131.9700,100131.9700
2022-02-25,100131.9700,100131.9700
2022-02-28,100131.9700,100131.9700
2022-03-01,100131.9700,100131.9700
2022-03-02,100131.9700,100131.9700
2022-03-03,100131.9700,100131.9700
2022-03-04,100131.9500,100130.6100
2022-03-07,100131.9500,100126.7500
2022-03-08,100126.2500,100126.2500
2022-03-09,100126.2300,100127.6900
2022-03-10,100126.2300,100123.2700
2022-03-11,100123.6500,100123.6500
2022-03-14,100123.6300,100122.7900
2022-03-15,100123.6300,100127.2600
2022-03-16,100123.6300,100131.7600
2022-03-17,100123.6300,100132.7900
2022-03-18,100123.6300,100136.1500
2022-03-21,100123.6300,100137.5600
2022-03-22,100123.6300,100141.0000
2022-03-23,100123.6300,100142.3900
2022-03-24,100123.6300,100146.2500
2022-03-25,100123.6300,100146.9000
2022-03-28,100144.3200,100144.3200
2022-03-29,100144.3200,100144.3200
2022-03-30,100144.3200,100144.3200
2022-03-31,100144.3200,100144.3200
2022-04-01,100144.3200,100144.3200
2022-04-04,100144.3000,100148.1600
2022-04-05,100144.3000,100144.7700
2022-04-06,100142.0600,100142.0600
2022-04-07,100142.0400,100143.0000
2022-04-08,100142.6200,100142.6200
2022-04-11,100142.6200,100142.6200
2022-04-12,100142.6000,100142.2300
2022-04-13,100142.6000,100144.9600
2022-04-14,100142.6000,100139.8500
2022-04-18,100142.6000,100139.6400
2022-04-19,100142.6000,100141.9600
2022-04-20,100142.6000,100141.7900
2022-04-21,100142.6000,100140.9800
2022-04-22,100142.6000,100136.3500
2022-04-25,100142.6000,100137.4500
2022-04-26,100142.6000,100131.3700
2022-04-27,100142.6000,100131.1400
2022-04-28,100142.6000,100138.2000
2022-04-29,100142.6000,100132.2100
2022-05-02,100142.6000,100132.5300
2022-05-03,100142.6000,100134.0400
2022-05-04,100142.6000,100140.5900
2022-05-05,100142.6000,100131.3400
2022-05-06,100142.6000,100131.8400
2022-05-09,100142.6000,100126.6200
2022-05-10,100142.6000,100129.0700
2022-05-11,100142.6000,100121.0700
2022-05-12,100142.6000,100117.1200
2022-05-13,100142.6000,100121.6800
2022-05-16,100142.6000,100120.1000
2022-05-17,100142.6000,100123.8100
2022-05-18,100142.6000,100115.3900
2022-05-19,100142.6000,100111.9200
2022-05-20,100142.6000,100112.1500
2022-05-23,100142.6000,100117.6800
2022-05-24,100142.6000,100114.9300
2022-05-25,100142.6000,100115.0900
2022-05-26,100142.6000,100118.3400
2022-05-27,100142.6000,100124.2000
2022-05-31,100142.6000,100123.4000
2022-06-01,100142.6000,100123.2800
2022-06-02,100142.6000,100125.7800
2022-06-03,100142.6000,100119.9500
2022-06-06,100142.6000,100120.7000
2022-06-07,100142.6000,100123.2800
2022-06-08,100142.6000,100122.5300
2022-06-09,100142.6000,100117.2000
2022-06-10,100142.6000,100111.7000
2022-06-13,100142.6000,100106.4500
2022-06-14,100142.6000,100107.3200
2022-06-15,100142.6000,100109.9900
2022-06-16,100142.6000,100104.6200
2022-06-17,100142.6000,100106.1200
2022-06-21,100142.6000,100110.4300
2022-06-22,100142.6000,100109.9200
2022-06-23,100142.6000,100112.8400
2022-06-24,100142.6000,100116.2300
2022-06-27,100142.6000,100116.2300
2022-06-28,100142.6000,100112.0100
2022-06-29,100142.6000,100113.7900
2022-06-30,100142.6000,100111.2900
2022-07-01,100142.6000,100113.4900
2022-07-05,100142.6000,100116.1200
2022-07-06,100142.6000,100117.4800
2022-07-07,100142.6000,100120.9200
2022-07-08,100142.6000,100121.6000
2022-07-11,100142.6000,100119.4300
2022-07-12,100142.6000,100120.4300
2022-07-13,100142.6000,100120.0600
2022-07-14,100142.6000,100123.0400
2022-07-15,100142.6000,100124.7300
2022-07-18,100142.6000,100121.6400
2022-07-19,100142.6000,100125.5700
2022-07-20,100142.6000,100127.6000
2022-07-21,100142.6000,100129.9200
2022-07-22,100129.9300,100129.9300
2022-07-25,100129.9300,100129.9300
2022-07-26,100129.9300,100129.9300
2022-07-27,100129.9100,100134.1000
2022-07-28,100129.9100,100134.6700
2022-07-29,100138.5400,100138.5400
2022-08-01,100138.5400,100138.5400
2022-08-02,100138.5400,100138.5400
2022-08-03,100138.5400,100138.5400
2022-08-04,100138.5200,100138.3100
2022-08-05,100135.7000,100135.7000
2022-08-08,100135.7000,100135.7000
2022-08-09,100135.7000,100135.7000
2022-08-10,100135.7000,100135.7000
2022-08-11,100135.6800,100134.1100
2022-08-12,100135.4200,100135.4200
2022-08-15,100135.4200,100135.4200
2022-08-16,100135.4200,100135.4200
2022-08-17,100135.4200,100135.4200
2022-08-18,100135.4200,100135.4200
2022-08-19,100135.4200,100135.4200
2022-08-22,100135.4200,100135.4200
2022-08-23,100135.4000,100135.5300
2022-08-24,100135.6100,100135.6100
2022-08-25,100135.5900,100136.8300
2022-08-26,100135.5900,100130.4200
2022-08-29,100127.9300,100127.9300
2022-08-30,100127.9300,100127.9300
2022-08-31,100127.9300,100127.9300
2022-09-01,100127.9300,100127.9300
2022-09-02,100127.9300,100127.9300
2022-09-06,100127.9300,100127.9300
2022-09-07,100127.9300,100127.9300
2022-09-08,100127.9300,100127.9300
2022-09-09,100127.9300,100127.9300
2022-09-12,100127.9300,100127.9300
2022-09-13,100127.9300,100127.9300
2022-09-14,100127.9300,100127.9300
2022-09-15,100127.9300,100127.9300
2022-09-16,100127.9300,100127.9300
2022-09-19,100127.9100,100133.0700
2022-09-20,100131.9700,100131.9700
2022-09-21,100131.9700,100131.9700
2022-09-22,100131.9700,100131.9700
2022-09-23,100131.9700,100131.9700
2022-09-26,100131.9700,100131.9700
2022-09-27,100131.9700,100131.9700
2022-09-28,100131.9700,100131.9700
2022-09-29,100131.9700,100131.9700
2022-09-30,100131.9700,100131.9700
2022-10-03,100131.9500,100136.1700
2022-10-04,100131.9500,100139.8300
2022-10-05,100131.9500,100140.1200
2022-10-06,100131.9500,100139.1500
2022-10-07,100131.9500,100133.8100
2022-10-10,100131.9500,100134.1400
2022-10-11,100131.9500,100132.7000
2022-10-12,100131.9500,100132.0600
2022-10-13,100131.9500,100136.7200
2022-10-14,100131.9500,100132.1100
2022-10-17,100131.9500,100136.1400
2022-10-18,100131.9500,100137.4800
2022-10-19,100131.9500,100137.5900
2022-10-20,100131.9500,100137.1100
2022-10-21,100131.9500,100141.0000
2022-10-24,100131.9500,100143.1700
2022-10-25,100131.9500,100146.0600
2022-10-26,100131.9500,100143.0800
2022-10-27,100131.9500,100138.5300
2022-10-28,100131.9500,100149.4700
2022-10-31,100131.9500,100147.0600
2022-11-01,100148.7900,100148.7900
2022-11-02,100148.7900,100148.7900
2022-11-03,100148.7900,100148.7900
2022-11-04,100148.7900,100148.7900
2022-11-07,100148.7900,100148.7900
2022-11-08,100148.7900,100148.7900
2022-11-09,100148.7900,100148.7900
2022-11-10,100148.7900,100148.7900
2022-11-11,100148.7900,100148.7900
2022-11-14,100148.7900,100148.7900
2022-11-15,100148.7900,100148.7900
2022-11-16,100148.7900,100148.7900
2022-11-17,100148.7900,100148.7900
2022-11-18,100148.7900,100148.7900
2022-11-21,100148.7900,100148.7900
2022-11-22,100148.7900,100148.7900
2022-11-23,100148.7900,100148.7900
2022-11-25,100148.7900,100148.7900
2022-11-28,100148.7900,100148.7900
2022-11-29,100148.7900,100148.7900
2022-11-30,100148.7900,100148.7900
2022-12-01,100148.7900,100148.7900
2022-12-02,100148.7900,100148.7900
2022-12-05,100148.7900,100148.7900
2022-12-06,100148.7900,100148.7900
2022-12-07,100148.7900,100148.7900
2022-12-08,100148.7900,100148.7900
2022-12-09,100148.7700,100148.5900
2022-12-12,100148.7700,100150.9200
2022-12-13,100148.7700,100151.9000
2022-12-14,100148.7700,100149.6400
2022-12-15,100148.7700,100142.9300
2022-12-16,100148.7700,100140.9300
2022-12-19,100148.7700,100138.7900
2022-12-20,100148.7700,100138.7300
2022-12-21,100148.7700,100141.8700
2022-12-22,100148.7700,100138.6500
2022-12-23,100148.7700,100138.2900
2022-12-27,100148.7700,100136.4500
2022-12-28,100148.7700,100132.4700
2022-12-29,100148.7700,100136.0400
2022-12-30,100148.7700,100136.3500
2023-01-03,100148.7700,100131.4900
2023-01-04,100148.7700,100132.7900
2023-01-05,100148.7700,100131.4400
2023-01-06,100148.7700,100136.0400
2023-01-09,100148.7700,100136.5700
2023-01-10,100148.7700,100137.1500
2023-01-11,100148.7700,100139.9200
2023-01-12,100148.7700,100139.8400
2023-01-13,100148.7700,100141.1800
2023-01-17,100148.7700,100142.3700
2023-01-18,100148.7700,100141.6400
2023-01-19,100148.7700,100141.7000
2023-01-20,100148.7700,100144.2900
2023-01-23,100148.7700,100147.5400
2023-01-24,100148.7700,100148.9500
2023-01-25,100148.7700,100148.2900
2023-01-26,100149.5700,100149.5700
2023-01-27,100149.5500,100152.3000
2023-01-30,100151.3200,100151.3200
2023-01-31,100151.3200,100151.3200
2023-02-01,100151.3000,100152.7400
2023-02-02,100151.3000,100158.1400
2023-02-03,100155.3200,100155.3200
2023-02-06,100155.3200,100155.3200
2023-02-07,100155.3200,100155.3200
2023-02-08,100155.3200,100155.3200
2023-02-09,100155.3200,100155.3200
2023-02-10,100155.3000,100156.8300
2023-02-13,100156.7500,100156.7500
2023-02-14,100156.7500,100156.7500
2023-02-15,100156.7300,100158.9400
2023-02-16,100156.7300,100157.3200
2023-02-17,100155.9400,100155.9400
2023-02-21,100155.9200,100154.1900
2023-02-22,100155.9200,100154.6300
2023-02-23,100155.9200,100155.1100
2023-02-24,100155.9200,100152.4300
2023-02-27,100155.9200,100153.6300
2023-02-28,100155.9200,100153.1300
2023-03-01,100155.9200,100151.0200
2023-03-02,100155.9200,100151.6300
2023-03-03,100153.7300,100153.7300
2023-03-06,100153.7300,100153.7300
2023-03-07,100153.7300,100153.7300
2023-03-08,100153.7100,100153.7600
2023-03-09,100153.7100,100151.4800
2023-03-10,100153.7100,100149.4000
2023-03-13,100153.7100,100151.3700
2023-03-14,100153.7100,100153.4800
2023-03-15,100152.0700,100152.0700
2023-03-16,100152.0500,100155.7300
2023-03-17,100152.0500,100154.8800
2023-03-20,100154.9300,100154.9300
2023-03-21,100154.9100,100156.8500
2023-03-22,100154.9100,100155.4100
2023-03-23,100154.9100,100156.5000
2023-03-24,100154.9100,100157.8300
2023-03-27,100154.9100,100155.8500
2023-03-28,100154.9100,100155.2200
2023-03-29,100154.9100,100158.3500
2023-03-30,100154.9100,100159.9400
2023-03-31,100154.9100,100162.4700
2023-04-03,100154.9100,100163.7400
2023-04-04,100164.1600,100164.1600
2023-04-05,100164.1600,100164.1600
2023-04-06,100164.1600,100164.1600
2023-04-10,100164.1400,100164.7400
2023-04-11,100165.0500,100165.0500
2023-04-12,100165.0300,100163.9000
2023-04-13,100165.0300,100169.3500
2023-04-14,100165.0300,100169.0100
2023-04-17,100165.0300,100169.0200
2023-04-18,100165.0300,100170.2700
2023-04-19,100165.0300,100171.4300
2023-04-20,100165.0300,100170.4400
2023-04-21,100165.0300,100168.8200
2023-04-24,100165.0300,100169.1300
2023-04-25,100165.0300,100167.5700
2023-04-26,100165.0300,100167.5500
2023-04-27,100165.0300,100172.2100
2023-04-28,100172.2700,100172.2700
2023-05-01,100172.2500,100172.5500
2023-05-02,100173.0300,100173.0300
2023-05-03,100173.0300,100173.0300
2023-05-04,100173.0100,100173.9000
2023-05-05,100173.0100,100181.6900
2023-05-08,100180.5700,100180.5700
2023-05-09,100180.5500,100179.2600
2023-05-10,100180.4900,100180.4900
2023-05-11,100180.4700,100180.3600
2023-05-12,100180.2000,100180.2000
2023-05-15,100180.2000,100180.2000
2023-05-16,100180.1800,100180.2500
2023-05-17,100180.1800,100180.8700
2023-05-18,100180.1800,100183.2300
2023-05-19,100184.5400,100184.5400
2023-05-22,100184.5200,100184.7300
2023-05-23,100184.5200,100182.0900
2023-05-24,100181.6000,100181.6000
2023-05-25,100181.5800,100182.1500
2023-05-26,100182.4600,100182.4600
2023-05-30,100182.4400,100182.7700
2023-05-31,100182.7800,100182.7800
2023-06-01,100182.7800,100182.7800
2023-06-02,100182.7600,100182.6700
2023-06-05,100182.7600,100181.3100
2023-06-06,100182.7600,100180.9400
2023-06-07,100182.7600,100179.5500
2023-06-08,100179.6000,100179.6000
2023-06-09,100179.6000,100179.6000
2023-06-12,100179.5800,100182.0800
2023-06-13,100179.5800,100181.6000
2023-06-14,100179.5800,100182.2400
2023-06-15,100179.5800,100184.3000
2023-06-16,100185.0000,100185.0000
2023-06-20,100184.9800,100185.5600
2023-06-21,100184.9800,100184.5200
2023-06-22,100184.2800,100184.2800
2023-06-23,100184.2600,100185.3700
2023-06-26,100184.2600,100183.9700
2023-06-27,100184.2600,100186.7500
2023-06-28,100184.2600,100187.9500
2023-06-29,100184.2600,100188.2800
2023-06-30,100184.2600,100192.6700
2023-07-03,100184.2600,100191.1600
2023-07-05,100184.2600,100190.0300
2023-07-06,100184.2600,100190.5000
2023-07-07,100184.2600,100189.3700
2023-07-10,100184.2600,100187.3100
2023-07-11,100184.2600,100186.7800
2023-07-12,100184.2600,100188.4700
2023-07-13,100184.2600,100189.2300
2023-07-14,100188.9000,100188.9000
2023-07-17,100188.8800,100190.9700
2023-07-18,100188.8800,100190.7000
2023-07-19,100188.8800,100192.0800
2023-07-20,100188.8800,100190.1100
2023-07-21,100188.8800,100188.9200
2023-07-24,100188.8800,100189.7300
2023-07-25,100188.8800,100190.5900
2023-07-26,100188.8800,100191.4800
2023-07-27,100192.9800,100192.9800
2023-07-28,100192.9600,100194.1200
2023-07-31,100192.9600,100194.7300
2023-08-01,100194.5100,100194.5100
2023-08-02,100194.5100,100194.5100
2023-08-03,100194.4900,100194.0700
2023-08-04,100194.4900,100184.9000
2023-08-07,100194.4900,100181.7600
2023-08-08,100182.5800,100182.5800
2023-08-09,100182.5800,100182.5800
2023-08-10,100182.5800,100182.5800
2023-08-11,100182.5800,100182.5800
2023-08-14,100182.5800,100182.5800
2023-08-15,100182.5800,100182.5800
2023-08-16,100182.5800,100182.5800
2023-08-17,100182.5800,100182.5800
2023-08-18,100182.5800,100182.5800
2023-08-21,100182.5600,100183.3100
2023-08-22,100182.5600,100184.7000
2023-08-23,100182.5600,100188.5900
2023-08-24,100188.1200,100188.1200
2023-08-25,100188.1200,100188.1200
2023-08-28,100188.1200,100188.1200
2023-08-29,100188.1200,100188.1200
2023-08-30,100188.1200,100188.1200
2023-08-31,100188.1200,100188.1200
2023-09-01,100188.1200,100188.1200
2023-09-05,100188.1000,100189.5100
2023-09-06,100188.1000,100182.7300
2023-09-07,100188.1000,100177.3700
2023-09-08,100178.1500,100178.1500
2023-09-11,100178.1500,100178.1500
2023-09-12,100178.1500,100178.1500
2023-09-13,100178.1500,100178.1500
2023-09-14,100178.1500,100178.1500
2023-09-15,100178.1500,100178.1500
2023-09-18,100178.1500,100178.1500
2023-09-19,100178.1500,100178.1500
2023-09-20,100178.1500,100178.1500
2023-09-21,100178.1500,100178.1500
2023-09-22,100178.1500,100178.1500
2023-09-25,100178.1500,100178.1500
2023-09-26,100178.1500,100178.1500
2023-09-27,100178.1500,100178.1500
2023-09-28,100178.1300,100179.4800
2023-09-29,100178.1300,100180.0000
2023-10-02,100178.1300,100182.5400
2023-10-03,100178.1300,100181.1800
2023-10-04,100178.1300,100182.4500
2023-10-05,100178.1300,100183.7000
2023-10-06,100178.1300,100186.2800
2023-10-09,100178.1300,100187.7800
2023-10-10,100178.1300,100187.1700
2023-10-11,100178.1300,100188.5900
2023-10-12,100178.1300,100189.5000
2023-10-13,100178.1300,100187.6400
2023-10-16,100185.5200,100185.5200
2023-10-17,100185.5000,100185.9900
2023-10-18,100185.5000,100184.6800
2023-10-19,100185.5000,100184.3100
2023-10-20,100185.5000,100181.7300
2023-10-23,100185.5000,100181.8500
2023-10-24,100185.5000,100182.2900
2023-10-25,100185.5000,100179.9500
2023-10-26,100185.5000,100175.7300
2023-10-27,100185.5000,100177.0700
2023-10-30,100185.5000,100179.1300
2023-10-31,100185.5000,100179.6200
2023-11-01,100185.5000,100182.8200
2023-11-02,100185.5000,100186.4200
2023-11-03,100185.5000,100185.4900
2023-11-06,100185.5000,100188.0700
2023-11-07,100185.5000,100190.6700
2023-11-08,100185.5000,100191.7300
2023-11-09,100185.5000,100191.2600
2023-11-10,100185.5000,100195.2400
2023-11-13,100185.5000,100193.6500
2023-11-14,100185.5000,100196.2900
2023-11-15,100185.5000,100196.8500
2023-11-16,100185.5000,100198.5600
2023-11-17,100185.5000,100198.5400
2023-11-20,100198.7100,100198.7100
2023-11-21,100198.7100,100198.7100
2023-11-22,100198.7100,100198.7100
2023-11-24,100198.7100,100198.7100
2023-11-27,100198.7100,100198.7100
2023-11-28,100198.7100,100198.7100
2023-11-29,100198.6900,100197.1500
2023-11-30,100197.6000,100197.6000
2023-12-01,100197.5800,100198.4800
2023-12-04,100197.5800,100196.6600
2023-12-05,100197.4300,100197.4300
2023-12-06,100197.4100,100195.2800
2023-12-07,100196.5700,100196.5700
2023-12-08,100196.5500,100198.0600
2023-12-11,100195.4400,100195.4400
2023-12-12,100195.4400,100195.4400
2023-12-13,100195.4200,100198.2900
2023-12-14,100195.4200,100198.4400
2023-12-15,100195.4200,100197.9000
2023-12-18,100195.4200,100196.2100
2023-12-19,100195.4200,100197.2700
2023-12-20,100195.4200,100195.1600
2023-12-21,100195.4200,100195.0000
2023-12-22,100195.4200,100193.9300
2023-12-26,100195.4200,100193.3800
2023-12-27,100195.4200,100193.4700
2023-12-28,100195.4200,100193.9100
2023-12-29,100194.2000,100194.2000
2024-01-02,100194.1800,100192.6600
2024-01-03,100194.1800,100191.2800
2024-01-04,100189.1500,100189.1500
2024-01-05,100189.1500,100189.1500
2024-01-08,100189.1500,100189.1500
2024-01-09,100189.1500,100189.1500
2024-01-10,100189.1500,100189.1500
2024-01-11,100189.1500,100189.1500
2024-01-12,100189.1500,100189.1500
2024-01-16,100189.1500,100189.1500
2024-01-17,100189.1500,100189.1500
2024-01-18,100189.1500,100189.1500
2024-01-19,100189.1500,100189.1500
2024-01-22,100189.1500,100189.1500
2024-01-23,100189.1300,100189.2700
2024-01-24,100189.4900,100189.4900
2024-01-25,100189.4900,100189.4900
2024-01-26,100189.4900,100189.4900
2024-01-29,100189.4900,100189.4900
2024-01-30,100189.4700,100186.5500
2024-01-31,100189.4700,100182.9100
2024-02-01,100182.4900,100182.4900
2024-02-02,100182.4900,100182.4900
2024-02-05,100182.4900,100182.4900
2024-02-06,100182.4900,100182.4900
2024-02-07,100182.4900,100182.4900
2024-02-08,100182.4900,100182.4900
2024-02-09,100182.4900,100182.4900
2024-02-12,100182.4900,100182.4900
2024-02-13,100182.4900,100182.4900
2024-02-14,100182.4700,100181.2800
2024-02-15,100182.4700,100181.0000
2024-02-16,100182.4700,100179.4400
2024-02-20,100178.9000,100178.9000
2024-02-21,100178.8800,100179.2500
2024-02-22,100178.8800,100181.2900
2024-02-23,100178.8800,100179.4500
2024-02-26,100179.1500,100179.1500
2024-02-27,100179.1300,100180.6500
2024-02-28,100179.1300,100179.4300
2024-02-29,100179.1300,100178.7700
2024-03-01,100179.1300,100177.6800
2024-03-04,100179.1300,100173.1200
2024-03-05,100179.1300,100168.1300
2024-03-06,100179.1300,100167.1300
2024-03-07,100179.1300,100167.0200
2024-03-08,100179.1300,100168.7400
2024-03-11,100179.1300,100170.7700
2024-03-12,100179.1300,100171.2400
2024-03-13,100179.1300,100169.1500
2024-03-14,100179.1300,100171.0200
2024-03-15,100179.1300,100170.6300
2024-03-18,100179.1300,100171.7400
2024-03-19,100179.1300,100174.1000
2024-03-20,100179.1300,100176.6800
2024-03-21,100179.1300,100169.3800
2024-03-22,100179.1300,100170.2900
2024-03-25,100179.1300,100168.8700
2024-03-26,100179.1300,100167.7300
2024-03-27,100179.1300,100171.3200
2024-03-28,100179.1300,100169.4900
2024-04-01,100179.1300,100168.0400
2024-04-02,100179.1300,100166.8500
2024-04-03,100179.1300,100167.6600
2024-04-04,100179.1300,100166.8400
2024-04-05,100179.1300,100167.6000
2024-04-08,100179.1300,100166.4600
2024-04-09,100179.1300,100167.6800
2024-04-10,100179.1300,100165.7900
2024-04-11,100179.1300,100173.0500
2024-04-12,100179.1300,100174.5700
2024-04-15,100179.1300,100170.7100
2024-04-16,100179.1300,100167.4000
2024-04-17,100179.1300,100166.0200
2024-04-18,100179.1300,100165.0500
2024-04-19,100179.1300,100163.0200
2024-04-22,100179.1300,100163.8500
2024-04-23,100179.1300,100164.9100
2024-04-24,100179.1300,100167.0400
2024-04-25,100179.1300,100167.9000
2024-04-26,100179.1300,100167.3200
2024-04-29,100179.1300,100171.5200
2024-04-30,100179.1300,100168.3500
2024-05-01,100179.1300,100167.3200
2024-05-02,100179.1300,100171.0400
2024-05-03,100179.1300,100181.4000
2024-05-06,100179.1300,100179.7300
2024-05-07,100179.1300,100180.4100
2024-05-08,100179.1300,100180.7600
2024-05-09,100179.1300,100182.5900
2024-05-10,100179.1300,100181.0700
2024-05-13,100179.1300,100184.2900
2024-05-14,100179.1300,100185.4400
2024-05-15,100179.1300,100187.7400
2024-05-16,100179.1300,100187.8500
2024-05-17,100187.5000,100187.5000
2024-05-20,100187.5000,100187.5000
2024-05-21,100187.5000,100187.5000
2024-05-22,100187.5000,100187.5000
2024-05-23,100187.5000,100187.5000
2024-05-24,100187.5000,100187.5000
2024-05-28,100187.5000,100187.5000
2024-05-29,100187.5000,100187.5000
2024-05-30,100187.5000,100187.5000
2024-05-31,100187.4800,100188.2800
2024-06-03,100188.9000,100188.9000
2024-06-04,100188.9000,100188.9000
2024-06-05,100188.9000,100188.9000
2024-06-06,100188.8800,100187.6500
2024-06-07,100187.8000,100187.8000
2024-06-10,100187.7800,100183.9900
2024-06-11,100184.5000,100184.5000
2024-06-12,100184.5000,100184.5000
2024-06-13,100184.5000,100184.5000
2024-06-14,100184.5000,100184.5000
2024-06-17,100184.5000,100184.5000
2024-06-18,100184.5000,100184.5000
2024-06-20,100184.5000,100184.5000
2024-06-21,100184.5000,100184.5000
2024-06-24,100184.5000,100184.5000
2024-06-25,100184.5000,100184.5000
2024-06-26,100184.5000,100184.5000
2024-06-27,100184.5000,100184.5000
2024-06-28,100184.5000,100184.5000
2024-07-01,100184.5000,100184.5000
2024-07-02,100184.5000,100184.5000
2024-07-03,100184.5000,100184.5000
2024-07-05,100184.5000,100184.5000
2024-07-08,100184.5000,100184.5000
2024-07-09,100184.5000,100184.5000
2024-07-10,100184.5000,100184.5000
2024-07-11,100184.5000,100184.5000
2024-07-12,100184.5000,100184.5000
2024-07-15,100184.4800,100182.3900
2024-07-16,100182.9800,100182.9800
2024-07-17,100182.9800,100182.9800
2024-07-18,100182.9800,100182.9800
2024-07-19,100182.9600,100182.4300
2024-07-22,100185.1100,100185.1100
2024-07-23,100185.1100,100185.1100
2024-07-24,100185.1100,100185.1100
2024-07-25,100185.1100,100185.1100
2024-07-26,100185.1100,100185.1100
2024-07-29,100185.1100,100185.1100
2024-07-30,100185.1100,100185.1100
2024-07-31,100185.1100,100185.1100
2024-08-01,100185.1100,100185.1100
2024-08-02,100185.1100,100185.1100
2024-08-05,100185.1100,100185.1100
2024-08-06,100185.1100,100185.1100
2024-08-07,100185.1100,100185.1100
2024-08-08,100185.1100,100185.1100
2024-08-09,100185.1100,100185.1100
2024-08-12,100185.1100,100185.1100
2024-08-13,100185.0900,100187.3500
2024-08-14,100185.0900,100187.8000
2024-08-15,100185.0900,100190.8000
2024-08-16,100185.0900,100192.1300
2024-08-19,100191.7800,100191.7800
2024-08-20,100191.7800,100191.7800
2024-08-21,100191.7800,100191.7800
2024-08-22,100191.7800,100191.7800
2024-08-23,100191.7800,100191.7800
2024-08-26,100191.7800,100191.7800
2024-08-27,100191.7800,100191.7800
2024-08-28,100191.7800,100191.7800
2024-08-29,100191.7800,100191.7800
2024-08-30,100191.7600,100190.5600
2024-09-03,100191.7600,100184.3300
2024-09-04,100191.7600,100182.4100
2024-09-05,100191.7600,100183.9400
2024-09-06,100191.7600,100182.3800
2024-09-09,100191.7600,100182.4700
2024-09-10,100191.7600,100181.6700
2024-09-11,100191.7600,100184.2200
2024-09-12,100191.7600,100184.3300
2024-09-13,100191.7600,100184.0600
2024-09-16,100191.7600,100177.8800
2024-09-17,100191.7600,100178.3400
2024-09-18,100179.0900,100179.0900
2024-09-19,100179.0900,100179.0900
2024-09-20,100179.0900,100179.0900
2024-09-23,100179.0700,100178.2000
2024-09-24,100179.0700,100179.0900
2024-09-25,100176.6300,100176.6300
2024-09-26,100176.6100,100176.8200
2024-09-27,100177.7400,100177.7400
2024-09-30,100177.7200,100180.6800
2024-10-01,100177.7200,100173.8900
2024-10-02,100173.5400,100173.5400
2024-10-03,100173.5400,100173.5400
2024-10-04,100173.5200,100172.4200
2024-10-07,100170.1000,100170.1000
2024-10-08,100170.0800,100171.5400
2024-10-09,100170.0800,100175.3000
2024-10-10,100173.5200,100173.5200
2024-10-11,100173.5000,100171.7400
2024-10-14,100173.5000,100175.4900
2024-10-15,100173.5000,100178.0400
2024-10-16,100175.7700,100175.7700
2024-10-17,100175.7500,100174.4600
2024-10-18,100178.4700,100178.4700
2024-10-21,100178.4500,100180.4700
2024-10-22,100178.4500,100179.8600
2024-10-23,100178.4500,100174.7500
2024-10-24,100178.4500,100174.5700
2024-10-25,100173.7200,100173.7200
2024-10-28,100173.7200,100173.7200
2024-10-29,100173.7200,100173.7200
2024-10-30,100173.7000,100171.1800
2024-10-31,100173.7000,100166.9900
2024-11-01,100173.7000,100163.9900
2024-11-04,100173.7000,100163.0800
2024-11-05,100162.8600,100162.8600
2024-11-06,100162.8600,100162.8600
2024-11-07,100162.8600,100162.8600
2024-11-08,100162.8600,100162.8600
2024-11-11,100162.8600,100162.8600
2024-11-12,100162.8600,100162.8600
2024-11-13,100162.8600,100162.8600
2024-11-14,100162.8600,100162.8600
2024-11-15,100162.8600,100162.8600
2024-11-18,100162.8600,100162.8600
2024-11-19,100162.8400,100164.1300
2024-11-20,100163.8900,100163.8900
2024-11-21,100163.8900,100163.8900
2024-11-22,100163.8900,100163.8900
2024-11-25,100163.8700,100165.2600
2024-11-26,100163.8700,100167.4500
2024-11-27,100166.8500,100166.8500
2024-11-29,100166.8500,100166.8500
2024-12-02,100166.8500,100166.8500
2024-12-03,100166.8500,100166.8500
2024-12-04,100166.8500,100166.8500
2024-12-05,100166.8300,100165.8600
2024-12-06,100166.8300,100165.6600
2024-12-09,100166.8300,100169.5800
2024-12-10,100166.8300,100170.6000
2024-12-11,100166.8300,100169.3200
2024-12-12,100166.8300,100170.7900
2024-12-13,100166.8300,100170.9600
2024-12-16,100166.8300,100173.8600
2024-12-17,100166.8300,100176.3000
2024-12-18,100166.8300,100170.8800
2024-12-19,100170.3100,100170.3100
2024-12-20,100170.2900,100176.7400
2024-12-23,100170.2900,100177.5200
2024-12-24,100170.2900,100180.4500
2024-12-26,100180.4200,100180.4200
2024-12-27,100180.4200,100180.4200
2024-12-30,100180.4200,100180.4200
2024-12-31,100180.4000,100178.3600
2025-01-02,100180.4000,100171.8000
2025-01-03,100180.4000,100171.3100
2025-01-06,100172.2300,100172.2300
2025-01-07,100172.2300,100172.2300
2025-01-08,100172.2300,100172.2300
2025-01-10,100172.2300,100172.2300
2025-01-13,100172.2300,100172.2300
2025-01-14,100172.2300,100172.2300
2025-01-15,100172.2300,100172.2300
2025-01-16,100172.2300,100172.2300
2025-01-17,100172.2300,100172.2300
2025-01-21,100172.2300,100172.2300
2025-01-22,100172.2300,100172.2300
2025-01-23,100172.2300,100172.2300
2025-01-24,100172.2300,100172.2300
2025-01-27,100172.2300,100172.2300
2025-01-28,100172.2300,100172.2300
2025-01-29,100172.2300,100172.2300
2025-01-30,100172.2300,100172.2300
2025-01-31,100172.2300,100172.2300
2025-02-03,100172.2300,100172.2300
2025-02-04,100172.2300,100172.2300
2025-02-05,100172.2300,100172.2300
2025-02-06,100172.2300,100172.2300
2025-02-07,100172.2300,100172.2300
2025-02-10,100172.2300,100172.2300
2025-02-11,100172.2300,100172.2300
2025-02-12,100172.2300,100172.2300
2025-02-13,100172.2300,100172.2300
2025-02-14,100172.2300,100172.2300
2025-02-18,100172.2300,100172.2300
2025-02-19,100172.2300,100172.2300
2025-02-20,100172.2300,100172.2300
2025-02-21,100172.2300,100172.2300
2025-02-24,100172.2300,100172.2300
2025-02-25,100172.2300,100172.2300
2025-02-26,100172.2100,100168.2300
2025-02-27,100172.2100,100165.1700
2025-02-28,100172.2100,100169.7000
2025-03-03,100169.6300,100169.6300
2025-03-04,100169.6100,100167.8100
2025-03-05,100167.2800,100167.2800
2025-03-06,100167.2800,100167.2800
2025-03-07,100167.2800,100167.2800
2025-03-10,100167.2800,100167.2800
2025-03-11,100167.2800,100167.2800
2025-03-12,100167.2800,100167.2800
2025-03-13,100167.2800,100167.2800
2025-03-14,100167.2800,100167.2800
2025-03-17,100167.2800,100167.2800
2025-03-18,100167.2800,100167.2800
2025-03-19,100167.2800,100167.2800
2025-03-20,100167.2800,100167.2800
2025-03-21,100167.2800,100167.2800
2025-03-24,100167.2800,100167.2800
2025-03-25,100167.2800,100167.2800
2025-03-26,100167.2800,100167.2800
2025-03-27,100167.2800,100167.2800
2025-03-28,100167.2800,100167.2800
2025-03-31,100167.2800,100167.2800
2025-04-01,100167.2800,100167.2800
2025-04-02,100167.2800,100167.2800
2025-04-03,100167.2800,100167.2800
2025-04-04,100167.2800,100167.2800
2025-04-07,100167.2800,100167.2800
2025-04-08,100167.2800,100167.2800
2025-04-09,100167.2800,100167.2800
2025-04-10,100167.2800,100167.2800
2025-04-11,100167.2800,100167.2800
2025-04-14,100167.2800,100167.2800
2025-04-15,100167.2800,100167.2800
2025-04-16,100167.2800,100167.2800
2025-04-17,100167.2800,100167.2800
2025-04-21,100167.2800,100167.2800
2025-04-22,100167.2800,100167.2800
2025-04-23,100167.2800,100167.2800
2025-04-24,100167.2800,100167.2800
2025-04-25,100167.2800,100167.2800
2025-04-28,100167.2800,100167.2800
2025-04-29,100167.2800,100167.2800
2025-04-30,100167.2800,100167.2800
2025-05-01,100167.2800,100167.2800
2025-05-02,100167.2800,100167.2800
2025-05-05,100167.2800,100167.2800
2025-05-06,100167.2800,100167.2800
2025-05-07,100167.2800,100167.2800
2025-05-08,100167.2800,100167.2800
2025-05-09,100167.2600,100166.7700
2025-05-12,100167.2600,100179.0300
2025-05-13,100167.2600,100181.1700
2025-05-14,100167.2600,100180.5800
2025-05-15,100167.2600,100179.6900
2025-05-16,100167.2600,100179.5000
2025-05-19,100167.2600,100177.0200
2025-05-20,100167.2600,100175.1100
2025-05-21,100167.2600,100170.3300
2025-05-22,100167.2600,100169.6100
2025-05-23,100167.2600,100163.5200
2025-05-27,100167.2600,100168.4600
2025-05-28,100167.2600,100168.6600
2025-05-29,100167.2600,100168.1900
2025-05-30,100167.2600,100169.1000
2025-06-02,100167.2600,100169.9400
2025-06-03,100167.2600,100171.5200
2025-06-04,100167.2600,100171.0700
2025-06-05,100167.2600,100168.8800
2025-06-06,100167.2600,100172.1600
2025-06-09,100167.2600,100169.6900
2025-06-10,100167.2600,100170.9100
2025-06-11,100167.2600,100167.0200
2025-06-12,100167.2600,100167.4400
2025-06-13,100167.2600,100164.6900
2025-06-16,100167.2600,100166.6600
2025-06-17,100167.2600,100163.8800
2025-06-18,100167.2600,100164.8300
2025-06-20,100167.2600,100169.2500
2025-06-23,100167.2600,100169.7500
2025-06-24,100167.2600,100168.5500
2025-06-25,100167.2600,100169.8000
2025-06-26,100167.2600,100169.2500
2025-06-27,100167.2600,100169.3300
2025-06-30,100167.2600,100173.4100
2025-07-01,100167.2600,100176.0700
2025-07-02,100167.2600,100180.6900
2025-07-03,100167.2600,100181.8000
2025-07-07,100167.2600,100178.1900
2025-07-08,100167.2600,100178.2500
2025-07-09,100167.2600,100179.3800
2025-07-10,100167.2600,100180.6600
2025-07-11,100167.2600,100179.4100
2025-07-14,100167.2600,100176.8600
2025-07-15,100167.2600,100177.3600
2025-07-16,100178.5300,100178.5300
2025-07-17,100178.5100,100177.9500
2025-07-18,100178.5100,100179.1000
2025-07-21,100178.5100,100180.4000
2025-07-22,100178.5100,100182.3200
2025-07-23,100178.5100,100182.0700
2025-07-24,100178.5100,100181.6800
2025-07-25,100178.5100,100181.8100
2025-07-28,100178.5100,100181.9800
2025-07-29,100178.5100,100179.2000
2025-07-30,100178.5100,100176.9800
2025-07-31,100178.5100,100175.5000
2025-08-01,100178.5100,100170.3100
2025-08-04,100178.5100,100171.2800
2025-08-05,100178.5100,100170.8400
2025-08-06,100178.5100,100181.1800
2025-08-07,100178.5100,100187.9500
2025-08-08,100188.7400,100188.7400
2025-08-11,100188.7200,100187.9700
2025-08-12,100188.7200,100190.4400
2025-08-13,100188.7200,100194.1300
2025-08-14,100188.7200,100193.5700
2025-08-15,100194.7800,100194.7800
2025-08-18,100194.7800,100194.7800
2025-08-19,100194.7800,100194.7800
2025-08-20,100194.7600,100190.7800
2025-08-21,100194.7600,100189.6700
2025-08-22,100194.7600,100192.5300
2025-08-25,100194.7600,100191.9400
2025-08-26,100194.7600,100194.0800
2025-08-27,100194.7600,100195.2700
2025-08-28,100194.7600,100197.3300
2025-08-29,100194.7600,100196.9100
2025-09-02,100194.0100,100194.0100
2025-09-03,100193.9900,100195.2400
2025-09-04,100193.9900,100196.5400
2025-09-05,100196.7500,100196.7500
2025-09-08,100196.7500,100196.7500
2025-09-09,100196.7500,100196.7500
2025-09-10,100196.7300,100191.3100
2025-09-11,100191.3900,100191.3900
2025-09-12,100191.3700,100196.2100
2025-09-15,100191.3700,100198.8300
2025-09-16,100199.2900,100199.2900
2025-09-17,100199.2700,100199.2800
2025-09-18,100199.2700,100198.1700
2025-09-19,100201.4900,100201.4900
2025-09-22,100201.4700,100209.2300
2025-09-23,100201.4700,100207.5800
2025-09-24,100208.3600,100208.3600
2025-09-25,100208.3400,100211.9800
2025-09-26,100208.3400,100210.5800
2025-09-29,100209.6500,100209.6500
2025-09-30,100209.6300,100209.3900
2025-10-01,100209.6300,100210.2000
2025-10-02,100209.6300,100211.8900
2025-10-03,100209.6300,100212.7700
2025-10-06,100212.7200,100212.7200
2025-10-07,100212.7200,100212.7200
2025-10-08,100212.7000,100214.2300
2025-10-09,100212.7000,100210.2100
2025-10-10,100212.7000,100201.4500
2025-10-13,100212.7000,100203.8400
2025-10-14,100202.7600,100202.7600
2025-10-15,100202.7400,100202.5700
2025-10-16,100202.7400,100200.6800
2025-10-17,100202.7400,100205.5200
2025-10-20,100202.7400,100215.4700
2025-10-21,100202.7400,100216.0000
2025-10-22,100215.8600,100215.8600
2025-10-23,100215.8600,100215.8600
2025-10-24,100215.8400,100217.4600
2025-10-27,100215.8400,100223.4400
2025-10-28,100215.8400,100223.6400
2025-10-29,100215.8400,100224.3400
2025-10-30,100215.8400,100226.0300
2025-10-31,100215.8400,100225.0000
2025-11-03,100215.8400,100223.6800
2025-11-04,100215.8400,100224.6800
2025-11-05,100215.8400,100224.7800
2025-11-06,100215.8400,100224.4000
2025-11-07,100215.8400,100223.1100
2025-11-10,100215.8400,100224.0600
2025-11-11,100215.8400,100229.8900
2025-11-12,100215.8400,100228.1100
2025-11-13,100215.8400,100227.5900
2025-11-14,100215.8400,100227.0500
2025-11-17,100215.8400,100222.0900
2025-11-18,100215.8400,100222.0800
2025-11-19,100215.8400,100223.1900
2025-11-20,100215.8400,100220.8900
2025-11-21,100215.8400,100226.1200
2025-11-24,100215.8400,100230.5600
2025-11-25,100215.8400,100231.6100
2025-11-26,100215.8400,100232.1800
2025-11-28,100215.8400,100233.4900
2025-12-01,100232.6300,100232.6300
2025-12-02,100232.6100,100235.7900
2025-12-03,100232.6100,100233.7400
2025-12-04,100232.6100,100230.3000
2025-12-05,100232.6100,100228.3700
2025-12-08,100232.6100,100227.4900
2025-12-09,100227.7400,100227.7400
2025-12-10,100227.7400,100227.7400
2025-12-11,100227.7400,100227.7400
2025-12-12,100227.7400,100227.7400
2025-12-15,100227.7400,100227.7400
2025-12-16,100227.7400,100227.7400
2025-12-17,100227.7400,100227.7400
2025-12-18,100227.7400,100227.7400
2025-12-19,100227.7400,100227.7400
2025-12-22,100227.7400,100227.7400
2025-12-23,100227.7400,100227.7400
2025-12-24,100227.7400,100227.7400
2025-12-26,100227.7400,100227.7400
2025-12-29,100227.7400,100227.7400
2025-12-30,100227.7200,100227.9800
2025-12-31,100227.9400,100227.9400
